2025-05-09 19:21:50,723 - redis_microservices.config - INFO - Succesfull create and connect with redis
2025-05-09 19:22:04,910 - redis_microservices.config - INFO - Succesfull create and connect with redis
2025-05-09 19:33:05,050 - redis_microservices.config - INFO - Succesfull create and connect with redis
2025-05-09 19:33:33,381 - redis_microservices.config - INFO - Succesfull create and connect with redis
2025-05-09 19:34:15,536 - redis_microservices.config - INFO - Succesfull create and connect with redis
2025-05-09 19:34:47,250 - redis_microservices.config - INFO - Succesfull create and connect with redis
2025-05-09 19:34:47,912 - redis_microservices.config - INFO - Succesfull create and connect with redis
2025-05-09 19:35:20,411 - redis_microservices.config - INFO - Succesfull create and connect with redis
2025-05-09 19:35:37,504 - redis_microservices.config - INFO - Succesfull create and connect with redis
2025-05-09 19:35:38,258 - redis_microservices.config - INFO - Succesfull create and connect with redis
2025-05-09 19:35:48,392 - redis_microservices.config - INFO - Succesfull create and connect with redis
2025-05-09 19:35:48,871 - redis_microservices.config - INFO - Succesfull create and connect with redis
2025-05-09 19:36:23,379 - redis_microservices.config - INFO - Succesfull create and connect with redis
2025-05-09 19:36:39,822 - redis_microservices.config - INFO - Succesfull create and connect with redis
2025-05-09 19:36:56,004 - redis_microservices.config - INFO - Succesfull create and connect with redis
2025-05-09 19:36:57,163 - redis_microservices.config - INFO - Succesfull create and connect with redis
2025-05-09 19:37:13,557 - redis_microservices.config - INFO - Succesfull create and connect with redis
2025-05-09 19:37:14,428 - redis_microservices.config - INFO - Succesfull create and connect with redis
2025-05-09 19:37:15,659 - redis_microservices.config - INFO - Succesfull create and connect with redis
2025-05-09 19:37:30,771 - redis_microservices.config - INFO - Succesfull create and connect with redis
2025-05-09 19:37:50,525 - redis_microservices.config - INFO - Succesfull create and connect with redis
2025-05-09 19:38:34,328 - redis_microservices.config - INFO - Succesfull create and connect with redis
2025-05-09 19:38:45,196 - redis_microservices.config - INFO - Succesfull create and connect with redis
2025-05-09 19:39:00,091 - redis_microservices.config - INFO - Succesfull create and connect with redis
2025-05-09 19:39:02,971 - redis_microservices.config - INFO - Succesfull create and connect with redis
2025-05-09 19:39:23,045 - redis_microservices.config - INFO - Succesfull create and connect with redis
2025-05-09 19:39:41,299 - redis_microservices.config - INFO - Succesfull create and connect with redis
2025-05-09 19:39:54,442 - redis_microservices.config - INFO - Succesfull create and connect with redis
2025-05-09 19:40:28,937 - redis_microservices.config - INFO - Succesfull create and connect with redis
2025-05-09 19:41:23,487 - redis_microservices.config - INFO - Succesfull create and connect with redis
2025-05-09 19:41:24,658 - redis_microservices.config - INFO - Succesfull create and connect with redis
2025-05-09 19:41:50,830 - redis_microservices.config - INFO - Succesfull create and connect with redis
2025-05-09 19:43:56,599 - redis_microservices.config - INFO - Succesfull create and connect with redis
2025-05-09 19:44:24,700 - redis_microservices.config - INFO - Succesfull create and connect with redis
2025-05-09 19:44:25,312 - redis_microservices.config - INFO - Succesfull create and connect with redis
2025-05-09 19:44:44,627 - redis_microservices.config - INFO - Succesfull create and connect with redis
2025-05-09 19:44:45,422 - redis_microservices.config - INFO - Succesfull create and connect with redis
2025-05-09 19:46:42,758 - redis_microservices.config - INFO - Succesfull create and connect with redis
2025-05-09 19:46:42,759 - redis_microservices.config - INFO - Starting to load products from database into Redis
2025-05-09 19:46:42,772 - redis_microservices.config - INFO - Retrieved 1 products from database
2025-05-09 19:46:42,775 - redis_microservices.config - ERROR - Unexpected error storing products: 'RedisProductOperations' object has no attribute '_prepare_product_for_redis'
2025-05-09 19:47:02,762 - redis_microservices.config - INFO - Succesfull create and connect with redis
2025-05-09 19:47:02,763 - redis_microservices.config - INFO - Starting to load products from database into Redis
2025-05-09 19:47:02,772 - redis_microservices.config - INFO - Retrieved 1 products from database
2025-05-09 19:47:02,775 - redis_microservices.config - ERROR - Unexpected error storing products: name 'datetime' is not defined
2025-05-09 19:47:02,791 - redis_microservices.config - INFO - Succesfull create and connect with redis
2025-05-09 19:47:02,792 - redis_microservices.config - INFO - Starting to load products from database into Redis
2025-05-09 19:47:02,802 - redis_microservices.config - INFO - Retrieved 1 products from database
2025-05-09 19:47:02,805 - redis_microservices.config - ERROR - Unexpected error storing products: name 'datetime' is not defined
2025-05-09 19:47:04,081 - redis_microservices.config - INFO - Succesfull create and connect with redis
2025-05-09 19:47:04,082 - redis_microservices.config - INFO - Starting to load products from database into Redis
2025-05-09 19:47:04,091 - redis_microservices.config - INFO - Retrieved 1 products from database
2025-05-09 19:47:04,093 - redis_microservices.config - ERROR - Unexpected error storing products: name 'datetime' is not defined
2025-05-09 19:47:04,689 - redis_microservices.config - INFO - Succesfull create and connect with redis
2025-05-09 19:47:04,690 - redis_microservices.config - INFO - Starting to load products from database into Redis
2025-05-09 19:47:04,698 - redis_microservices.config - INFO - Retrieved 1 products from database
2025-05-09 19:47:04,701 - redis_microservices.config - ERROR - Unexpected error storing products: name 'datetime' is not defined
2025-05-09 19:47:53,534 - redis_microservices.config - INFO - Succesfull create and connect with redis
2025-05-09 19:47:53,535 - redis_microservices.config - INFO - Starting to load products from database into Redis
2025-05-09 19:47:53,547 - redis_microservices.config - INFO - Retrieved 1 products from database
2025-05-09 19:47:53,551 - redis_microservices.config - ERROR - Unexpected error storing products: The 'image' attribute has no file associated with it.
2025-05-09 19:48:12,490 - redis_microservices.config - INFO - Succesfull create and connect with redis
2025-05-09 19:48:12,491 - redis_microservices.config - INFO - Starting to load products from database into Redis
2025-05-09 19:48:12,499 - redis_microservices.config - INFO - Retrieved 1 products from database
2025-05-09 19:48:12,505 - redis_microservices.config - INFO - Successfully stored 1 products in Redis
2025-05-09 19:48:12,855 - redis_microservices.config - INFO - Succesfull create and connect with redis
2025-05-09 19:48:12,856 - redis_microservices.config - INFO - Starting to load products from database into Redis
2025-05-09 19:48:12,870 - redis_microservices.config - INFO - Retrieved 1 products from database
2025-05-09 19:48:12,874 - redis_microservices.config - INFO - Successfully stored 1 products in Redis
2025-05-09 19:54:06,687 - redis_microservices.config - INFO - Succesfull create and connect with redis
2025-05-09 19:54:06,688 - redis_microservices.config - INFO - Starting to load products from database into Redis
2025-05-09 19:54:06,697 - redis_microservices.config - INFO - Retrieved 1 products from database
2025-05-09 19:54:06,701 - redis_microservices.config - ERROR - Unexpected error storing products: HashCommands.hget() missing 1 required positional argument: 'key'
2025-05-09 19:54:18,359 - redis_microservices.config - INFO - Succesfull create and connect with redis
2025-05-09 19:54:18,360 - redis_microservices.config - INFO - Starting to load products from database into Redis
2025-05-09 19:54:18,369 - redis_microservices.config - INFO - Retrieved 1 products from database
2025-05-09 19:54:18,373 - redis_microservices.config - ERROR - Unexpected error storing products: HashCommands.hget() missing 1 required positional argument: 'name'
2025-05-09 19:54:41,299 - redis_microservices.config - INFO - Succesfull create and connect with redis
2025-05-09 19:54:41,299 - redis_microservices.config - INFO - Starting to load products from database into Redis
2025-05-09 19:54:41,307 - redis_microservices.config - INFO - Retrieved 1 products from database
2025-05-09 19:54:41,313 - redis_microservices.config - INFO - Successfully stored 1 products in Redis
2025-05-09 19:54:42,654 - redis_microservices.config - INFO - Succesfull create and connect with redis
2025-05-09 19:54:42,655 - redis_microservices.config - INFO - Starting to load products from database into Redis
2025-05-09 19:54:42,664 - redis_microservices.config - INFO - Retrieved 1 products from database
2025-05-09 19:54:42,669 - redis_microservices.config - INFO - Successfully stored 1 products in Redis
2025-05-09 19:54:53,988 - redis_microservices.config - INFO - Succesfull create and connect with redis
2025-05-09 19:54:53,989 - redis_microservices.config - INFO - Starting to load products from database into Redis
2025-05-09 19:54:53,997 - redis_microservices.config - INFO - Retrieved 1 products from database
2025-05-09 19:54:54,001 - redis_microservices.config - ERROR - Unexpected error storing products: HashCommands.hgetall() got an unexpected keyword argument 'key'
2025-05-09 19:55:08,274 - redis_microservices.config - INFO - Succesfull create and connect with redis
2025-05-09 19:55:08,274 - redis_microservices.config - INFO - Starting to load products from database into Redis
2025-05-09 19:55:08,282 - redis_microservices.config - INFO - Retrieved 1 products from database
2025-05-09 19:55:08,287 - redis_microservices.config - INFO - Successfully stored 1 products in Redis
2025-05-09 20:02:31,879 - redis_microservices.config - INFO - Succesfull create and connect with redis
2025-05-09 20:02:31,879 - redis_microservices.config - INFO - Starting to load products from database into Redis
2025-05-09 20:02:31,889 - redis_microservices.config - INFO - Retrieved 1 products from database
2025-05-09 20:02:31,894 - redis_microservices.config - INFO - Successfully stored 1 products in Redis
2025-05-09 20:02:59,606 - redis_microservices.config - INFO - Succesfull create and connect with redis
2025-05-09 20:02:59,607 - redis_microservices.config - INFO - Starting to load products from database into Redis
2025-05-09 20:02:59,615 - redis_microservices.config - INFO - Retrieved 1 products from database
2025-05-09 20:02:59,620 - redis_microservices.config - INFO - Successfully stored 1 products in Redis
2025-05-09 20:03:09,586 - redis_microservices.config - INFO - Succesfull create and connect with redis
2025-05-09 20:03:09,587 - redis_microservices.config - INFO - Starting to load products from database into Redis
2025-05-09 20:03:09,596 - redis_microservices.config - INFO - Retrieved 1 products from database
2025-05-09 20:03:09,600 - redis_microservices.config - INFO - Successfully stored 1 products in Redis
2025-05-09 20:03:25,518 - redis_microservices.config - INFO - Succesfull create and connect with redis
2025-05-09 20:03:25,518 - redis_microservices.config - INFO - Starting to load products from database into Redis
2025-05-09 20:03:25,528 - redis_microservices.config - INFO - Retrieved 1 products from database
2025-05-09 20:03:25,532 - redis_microservices.config - INFO - Successfully stored 1 products in Redis
2025-05-09 20:03:36,604 - redis_microservices.config - INFO - Succesfull create and connect with redis
2025-05-09 20:03:36,604 - redis_microservices.config - INFO - Starting to load products from database into Redis
2025-05-09 20:03:36,614 - redis_microservices.config - INFO - Retrieved 1 products from database
2025-05-09 20:03:36,618 - redis_microservices.config - INFO - Successfully stored 1 products in Redis
2025-05-09 20:28:55,864 - redis_microservices.config - INFO - Succesfull create and connect with redis
2025-05-09 20:28:55,865 - redis_microservices.config - INFO - Starting to load products from database into Redis
2025-05-09 20:28:55,881 - redis_microservices.config - INFO - Retrieved 1 products from database
2025-05-09 20:28:55,889 - redis_microservices.config - INFO - Successfully stored 1 products in Redis
2025-05-09 20:28:56,966 - redis_microservices.config - INFO - Succesfull create and connect with redis
2025-05-09 20:28:56,967 - redis_microservices.config - INFO - Starting to load products from database into Redis
2025-05-09 20:28:56,977 - redis_microservices.config - INFO - Retrieved 1 products from database
2025-05-09 20:28:56,981 - redis_microservices.config - INFO - Successfully stored 1 products in Redis
2025-05-09 20:28:57,422 - redis_microservices.config - INFO - Succesfull create and connect with redis
2025-05-09 20:28:57,423 - redis_microservices.config - INFO - Starting to load products from database into Redis
2025-05-09 20:28:57,433 - redis_microservices.config - INFO - Retrieved 1 products from database
2025-05-09 20:28:57,437 - redis_microservices.config - INFO - Successfully stored 1 products in Redis
2025-05-09 20:28:57,900 - redis_microservices.config - INFO - Succesfull create and connect with redis
2025-05-09 20:28:57,901 - redis_microservices.config - INFO - Starting to load products from database into Redis
2025-05-09 20:28:57,910 - redis_microservices.config - INFO - Retrieved 1 products from database
2025-05-09 20:28:57,914 - redis_microservices.config - INFO - Successfully stored 1 products in Redis
2025-05-09 20:29:00,419 - redis_microservices.config - INFO - Succesfull create and connect with redis
2025-05-09 20:29:00,419 - redis_microservices.config - INFO - Starting to load products from database into Redis
2025-05-09 20:29:00,437 - redis_microservices.config - INFO - Retrieved 1 products from database
2025-05-09 20:29:00,443 - redis_microservices.config - INFO - Successfully stored 1 products in Redis
2025-05-09 20:29:00,880 - redis_microservices.config - INFO - Succesfull create and connect with redis
2025-05-09 20:29:00,880 - redis_microservices.config - INFO - Starting to load products from database into Redis
2025-05-09 20:29:00,890 - redis_microservices.config - INFO - Retrieved 1 products from database
2025-05-09 20:29:00,894 - redis_microservices.config - INFO - Successfully stored 1 products in Redis
2025-05-09 20:29:01,212 - redis_microservices.config - INFO - Succesfull create and connect with redis
2025-05-09 20:29:01,212 - redis_microservices.config - INFO - Starting to load products from database into Redis
2025-05-09 20:29:01,221 - redis_microservices.config - INFO - Retrieved 1 products from database
2025-05-09 20:29:01,225 - redis_microservices.config - INFO - Successfully stored 1 products in Redis
2025-05-09 20:29:01,478 - redis_microservices.config - INFO - Succesfull create and connect with redis
2025-05-09 20:29:01,479 - redis_microservices.config - INFO - Starting to load products from database into Redis
2025-05-09 20:29:01,488 - redis_microservices.config - INFO - Retrieved 1 products from database
2025-05-09 20:29:01,492 - redis_microservices.config - INFO - Successfully stored 1 products in Redis
2025-05-09 20:29:01,673 - redis_microservices.config - INFO - Succesfull create and connect with redis
2025-05-09 20:29:01,674 - redis_microservices.config - INFO - Starting to load products from database into Redis
2025-05-09 20:29:01,687 - redis_microservices.config - INFO - Retrieved 1 products from database
2025-05-09 20:29:01,699 - redis_microservices.config - INFO - Successfully stored 1 products in Redis
2025-05-09 20:29:01,872 - redis_microservices.config - INFO - Succesfull create and connect with redis
2025-05-09 20:29:01,872 - redis_microservices.config - INFO - Starting to load products from database into Redis
2025-05-09 20:29:01,884 - redis_microservices.config - INFO - Retrieved 1 products from database
2025-05-09 20:29:01,888 - redis_microservices.config - INFO - Successfully stored 1 products in Redis
2025-05-09 20:29:26,483 - redis_microservices.config - INFO - Succesfull create and connect with redis
2025-05-09 20:29:26,483 - redis_microservices.config - INFO - Starting to load products from database into Redis
2025-05-09 20:29:26,492 - redis_microservices.config - INFO - Retrieved 1 products from database
2025-05-09 20:29:26,498 - redis_microservices.config - INFO - Successfully stored 1 products in Redis
2025-05-09 20:29:27,245 - redis_microservices.config - INFO - Succesfull create and connect with redis
2025-05-09 20:29:27,246 - redis_microservices.config - INFO - Starting to load products from database into Redis
2025-05-09 20:29:27,272 - redis_microservices.config - INFO - Retrieved 1 products from database
2025-05-09 20:29:27,281 - redis_microservices.config - INFO - Successfully stored 1 products in Redis
2025-05-09 20:29:27,651 - redis_microservices.config - INFO - Succesfull create and connect with redis
2025-05-09 20:29:27,651 - redis_microservices.config - INFO - Starting to load products from database into Redis
2025-05-09 20:29:27,661 - redis_microservices.config - INFO - Retrieved 1 products from database
2025-05-09 20:29:27,666 - redis_microservices.config - INFO - Successfully stored 1 products in Redis
2025-05-09 20:29:27,918 - redis_microservices.config - INFO - Succesfull create and connect with redis
2025-05-09 20:29:27,918 - redis_microservices.config - INFO - Starting to load products from database into Redis
2025-05-09 20:29:27,927 - redis_microservices.config - INFO - Retrieved 1 products from database
2025-05-09 20:29:27,931 - redis_microservices.config - INFO - Successfully stored 1 products in Redis
2025-05-09 20:29:28,143 - redis_microservices.config - INFO - Succesfull create and connect with redis
2025-05-09 20:29:28,144 - redis_microservices.config - INFO - Starting to load products from database into Redis
2025-05-09 20:29:28,154 - redis_microservices.config - INFO - Retrieved 1 products from database
2025-05-09 20:29:28,158 - redis_microservices.config - INFO - Successfully stored 1 products in Redis
2025-05-09 20:29:28,353 - redis_microservices.config - INFO - Succesfull create and connect with redis
2025-05-09 20:29:28,354 - redis_microservices.config - INFO - Starting to load products from database into Redis
2025-05-09 20:29:28,365 - redis_microservices.config - INFO - Retrieved 1 products from database
2025-05-09 20:29:28,368 - redis_microservices.config - INFO - Successfully stored 1 products in Redis
2025-05-09 20:30:10,705 - redis_microservices.config - INFO - Succesfull create and connect with redis
2025-05-09 20:30:10,705 - redis_microservices.config - INFO - Starting to load products from database into Redis
2025-05-09 20:30:10,715 - redis_microservices.config - INFO - Retrieved 1 products from database
2025-05-09 20:30:10,721 - redis_microservices.config - INFO - Successfully stored 1 products in Redis
2025-05-09 20:30:11,116 - redis_microservices.config - INFO - Succesfull create and connect with redis
2025-05-09 20:30:11,117 - redis_microservices.config - INFO - Starting to load products from database into Redis
2025-05-09 20:30:11,129 - redis_microservices.config - INFO - Retrieved 1 products from database
2025-05-09 20:30:11,134 - redis_microservices.config - INFO - Successfully stored 1 products in Redis
2025-05-09 20:30:11,412 - redis_microservices.config - INFO - Succesfull create and connect with redis
2025-05-09 20:30:11,413 - redis_microservices.config - INFO - Starting to load products from database into Redis
2025-05-09 20:30:11,423 - redis_microservices.config - INFO - Retrieved 1 products from database
2025-05-09 20:30:11,426 - redis_microservices.config - INFO - Successfully stored 1 products in Redis
2025-05-09 20:30:25,269 - redis_microservices.config - INFO - Succesfull create and connect with redis
2025-05-09 20:30:25,269 - redis_microservices.config - INFO - Starting to load products from database into Redis
2025-05-09 20:30:25,279 - redis_microservices.config - INFO - Retrieved 1 products from database
2025-05-09 20:30:25,284 - redis_microservices.config - INFO - Successfully stored 1 products in Redis
2025-05-09 20:30:25,652 - redis_microservices.config - INFO - Succesfull create and connect with redis
2025-05-09 20:30:25,653 - redis_microservices.config - INFO - Starting to load products from database into Redis
2025-05-09 20:30:25,663 - redis_microservices.config - INFO - Retrieved 1 products from database
2025-05-09 20:30:25,668 - redis_microservices.config - INFO - Successfully stored 1 products in Redis
2025-05-09 20:30:26,033 - redis_microservices.config - INFO - Succesfull create and connect with redis
2025-05-09 20:30:26,034 - redis_microservices.config - INFO - Starting to load products from database into Redis
2025-05-09 20:30:26,045 - redis_microservices.config - INFO - Retrieved 1 products from database
2025-05-09 20:30:26,049 - redis_microservices.config - INFO - Successfully stored 1 products in Redis
2025-05-09 20:30:26,340 - redis_microservices.config - INFO - Succesfull create and connect with redis
2025-05-09 20:30:26,341 - redis_microservices.config - INFO - Starting to load products from database into Redis
2025-05-09 20:30:26,352 - redis_microservices.config - INFO - Retrieved 1 products from database
2025-05-09 20:30:26,356 - redis_microservices.config - INFO - Successfully stored 1 products in Redis
2025-05-09 20:48:25,455 - redis_microservices.config - INFO - Succesfull create and connect with redis
2025-05-09 20:48:25,456 - redis_microservices.config - INFO - Starting to load products from database into Redis
2025-05-09 20:48:25,466 - redis_microservices.config - INFO - Retrieved 1 products from database
2025-05-09 20:48:25,471 - redis_microservices.config - INFO - Successfully stored 1 products in Redis
2025-05-09 20:50:21,807 - redis_microservices.config - INFO - Succesfull create and connect with redis
2025-05-09 20:50:21,808 - redis_microservices.config - INFO - Starting to load products from database into Redis
2025-05-09 20:50:21,817 - redis_microservices.config - INFO - Retrieved 1 products from database
2025-05-09 20:50:21,821 - redis_microservices.config - INFO - Successfully stored 1 products in Redis
2025-05-09 20:50:22,647 - redis_microservices.config - INFO - Succesfull create and connect with redis
2025-05-09 20:50:22,647 - redis_microservices.config - INFO - Starting to load products from database into Redis
2025-05-09 20:50:22,657 - redis_microservices.config - INFO - Retrieved 1 products from database
2025-05-09 20:50:22,661 - redis_microservices.config - INFO - Successfully stored 1 products in Redis
2025-05-09 20:50:22,826 - redis_microservices.config - INFO - Succesfull create and connect with redis
2025-05-09 20:50:22,826 - redis_microservices.config - INFO - Starting to load products from database into Redis
2025-05-09 20:50:22,836 - redis_microservices.config - INFO - Retrieved 1 products from database
2025-05-09 20:50:22,840 - redis_microservices.config - INFO - Successfully stored 1 products in Redis
2025-05-09 21:00:24,619 - redis_microservices.config - INFO - Succesfull create and connect with redis
2025-05-09 21:00:24,619 - redis_microservices.config - INFO - Starting to load products from database into Redis
2025-05-09 21:00:24,628 - redis_microservices.config - INFO - Retrieved 1 products from database
2025-05-09 21:00:24,635 - redis_microservices.config - INFO - Successfully stored 1 products in Redis
2025-05-09 21:00:52,522 - redis_microservices.config - INFO - Succesfull create and connect with redis
2025-05-09 21:00:52,522 - redis_microservices.config - INFO - Starting to load products from database into Redis
2025-05-09 21:00:52,531 - redis_microservices.config - INFO - Retrieved 1 products from database
2025-05-09 21:00:52,536 - redis_microservices.config - INFO - Successfully stored 1 products in Redis
2025-05-09 21:00:53,248 - redis_microservices.config - INFO - Succesfull create and connect with redis
2025-05-09 21:00:53,248 - redis_microservices.config - INFO - Starting to load products from database into Redis
2025-05-09 21:00:53,257 - redis_microservices.config - INFO - Retrieved 1 products from database
2025-05-09 21:00:53,261 - redis_microservices.config - INFO - Successfully stored 1 products in Redis
2025-05-09 21:00:54,065 - redis_microservices.config - INFO - Succesfull create and connect with redis
2025-05-09 21:00:54,066 - redis_microservices.config - INFO - Starting to load products from database into Redis
2025-05-09 21:00:54,076 - redis_microservices.config - INFO - Retrieved 1 products from database
2025-05-09 21:00:54,080 - redis_microservices.config - INFO - Successfully stored 1 products in Redis
2025-05-09 21:00:54,847 - redis_microservices.config - INFO - Succesfull create and connect with redis
2025-05-09 21:00:54,848 - redis_microservices.config - INFO - Starting to load products from database into Redis
2025-05-09 21:00:54,856 - redis_microservices.config - INFO - Retrieved 1 products from database
2025-05-09 21:00:54,860 - redis_microservices.config - INFO - Successfully stored 1 products in Redis
2025-05-09 21:00:55,694 - redis_microservices.config - INFO - Succesfull create and connect with redis
2025-05-09 21:00:55,695 - redis_microservices.config - INFO - Starting to load products from database into Redis
2025-05-09 21:00:55,704 - redis_microservices.config - INFO - Retrieved 1 products from database
2025-05-09 21:00:55,707 - redis_microservices.config - INFO - Successfully stored 1 products in Redis
2025-05-09 21:01:06,319 - redis_microservices.config - INFO - Succesfull create and connect with redis
2025-05-09 21:01:06,320 - redis_microservices.config - INFO - Starting to load products from database into Redis
2025-05-09 21:01:06,329 - redis_microservices.config - INFO - Retrieved 1 products from database
2025-05-09 21:01:06,333 - redis_microservices.config - INFO - Successfully stored 1 products in Redis
2025-05-09 21:01:14,319 - redis_microservices.config - INFO - Succesfull create and connect with redis
2025-05-09 21:01:14,319 - redis_microservices.config - INFO - Starting to load products from database into Redis
2025-05-09 21:01:14,329 - redis_microservices.config - INFO - Retrieved 1 products from database
2025-05-09 21:01:14,332 - redis_microservices.config - INFO - Successfully stored 1 products in Redis
2025-05-09 21:01:25,518 - redis_microservices.config - INFO - Succesfull create and connect with redis
2025-05-09 21:01:25,518 - redis_microservices.config - INFO - Starting to load products from database into Redis
2025-05-09 21:01:25,530 - redis_microservices.config - INFO - Retrieved 1 products from database
2025-05-09 21:01:25,534 - redis_microservices.config - INFO - Successfully stored 1 products in Redis
2025-05-09 21:02:16,499 - redis_microservices.config - INFO - Succesfull create and connect with redis
2025-05-09 21:02:16,499 - redis_microservices.config - INFO - Starting to load products from database into Redis
2025-05-09 21:02:16,509 - redis_microservices.config - INFO - Retrieved 1 products from database
2025-05-09 21:02:16,514 - redis_microservices.config - INFO - Successfully stored 1 products in Redis
2025-05-09 21:23:48,613 - redis_microservices.config - INFO - Succesfull create and connect with redis
2025-05-09 21:25:25,794 - redis_microservices.config - INFO - Succesfull create and connect with redis
2025-05-09 21:25:25,794 - redis_microservices.config - INFO - Starting to load products from database into Redis
2025-05-09 21:25:25,806 - redis_microservices.config - INFO - Retrieved 1 products from database
2025-05-09 21:25:25,819 - redis_microservices.config - INFO - Successfully stored 1 products in Redis
2025-05-09 21:27:42,950 - redis_microservices.config - INFO - Succesfull create and connect with redis
2025-05-09 21:27:42,951 - redis_microservices.config - INFO - Starting to load products from database into Redis
2025-05-09 21:27:42,961 - redis_microservices.config - INFO - Retrieved 1 products from database
2025-05-09 21:27:42,967 - redis_microservices.config - INFO - Successfully stored 1 products in Redis
2025-05-09 21:27:43,709 - redis_microservices.config - INFO - Succesfull create and connect with redis
2025-05-09 21:27:43,710 - redis_microservices.config - INFO - Starting to load products from database into Redis
2025-05-09 21:27:43,720 - redis_microservices.config - INFO - Retrieved 1 products from database
2025-05-09 21:27:43,725 - redis_microservices.config - INFO - Successfully stored 1 products in Redis
2025-05-09 21:27:55,147 - redis_microservices.config - INFO - Succesfull create and connect with redis
2025-05-09 21:27:55,147 - redis_microservices.config - INFO - Starting to load products from database into Redis
2025-05-09 21:27:55,157 - redis_microservices.config - INFO - Retrieved 1 products from database
2025-05-09 21:27:55,162 - redis_microservices.config - INFO - Successfully stored 1 products in Redis
2025-05-09 21:28:09,455 - redis_microservices.config - INFO - Succesfull create and connect with redis
2025-05-09 21:28:09,455 - redis_microservices.config - INFO - Starting to load products from database into Redis
2025-05-09 21:28:09,464 - redis_microservices.config - INFO - Retrieved 1 products from database
2025-05-09 21:28:09,469 - redis_microservices.config - INFO - Successfully stored 1 products in Redis
2025-05-09 21:28:49,548 - redis_microservices.config - INFO - Succesfull create and connect with redis
2025-05-09 21:28:49,548 - redis_microservices.config - INFO - Starting to load products from database into Redis
2025-05-09 21:28:49,557 - redis_microservices.config - INFO - Retrieved 1 products from database
2025-05-09 21:28:49,561 - redis_microservices.config - INFO - Successfully stored 1 products in Redis
2025-05-09 21:28:50,440 - redis_microservices.config - INFO - Succesfull create and connect with redis
2025-05-09 21:28:50,441 - redis_microservices.config - INFO - Starting to load products from database into Redis
2025-05-09 21:28:50,449 - redis_microservices.config - INFO - Retrieved 1 products from database
2025-05-09 21:28:50,454 - redis_microservices.config - INFO - Successfully stored 1 products in Redis
2025-05-09 21:28:51,035 - redis_microservices.config - INFO - Succesfull create and connect with redis
2025-05-09 21:28:51,036 - redis_microservices.config - INFO - Starting to load products from database into Redis
2025-05-09 21:28:51,046 - redis_microservices.config - INFO - Retrieved 1 products from database
2025-05-09 21:28:51,051 - redis_microservices.config - INFO - Successfully stored 1 products in Redis
2025-05-09 21:28:51,226 - redis_microservices.config - INFO - Succesfull create and connect with redis
2025-05-09 21:28:51,227 - redis_microservices.config - INFO - Starting to load products from database into Redis
2025-05-09 21:28:51,239 - redis_microservices.config - INFO - Retrieved 1 products from database
2025-05-09 21:28:51,242 - redis_microservices.config - INFO - Successfully stored 1 products in Redis
2025-05-09 21:30:21,631 - redis_microservices.config - INFO - Succesfull create and connect with redis
2025-05-09 21:30:21,632 - redis_microservices.config - INFO - Starting to load products from database into Redis
2025-05-09 21:30:21,642 - redis_microservices.config - INFO - Retrieved 1 products from database
2025-05-09 21:30:21,648 - redis_microservices.config - INFO - Successfully stored 1 products in Redis
2025-05-09 21:30:22,764 - redis_microservices.config - INFO - Succesfull create and connect with redis
2025-05-09 21:30:22,765 - redis_microservices.config - INFO - Starting to load products from database into Redis
2025-05-09 21:30:22,774 - redis_microservices.config - INFO - Retrieved 1 products from database
2025-05-09 21:30:22,778 - redis_microservices.config - INFO - Successfully stored 1 products in Redis
2025-05-09 21:30:24,244 - redis_microservices.config - INFO - Succesfull create and connect with redis
2025-05-09 21:30:24,244 - redis_microservices.config - INFO - Starting to load products from database into Redis
2025-05-09 21:30:24,254 - redis_microservices.config - INFO - Retrieved 1 products from database
2025-05-09 21:30:24,258 - redis_microservices.config - INFO - Successfully stored 1 products in Redis
2025-05-09 21:30:24,446 - redis_microservices.config - INFO - Succesfull create and connect with redis
2025-05-09 21:30:24,447 - redis_microservices.config - INFO - Starting to load products from database into Redis
2025-05-09 21:30:24,471 - redis_microservices.config - INFO - Retrieved 1 products from database
2025-05-09 21:30:24,475 - redis_microservices.config - INFO - Successfully stored 1 products in Redis
2025-05-09 21:30:24,638 - redis_microservices.config - INFO - Succesfull create and connect with redis
2025-05-09 21:30:24,639 - redis_microservices.config - INFO - Starting to load products from database into Redis
2025-05-09 21:30:24,648 - redis_microservices.config - INFO - Retrieved 1 products from database
2025-05-09 21:30:24,652 - redis_microservices.config - INFO - Successfully stored 1 products in Redis
2025-05-09 21:30:24,811 - redis_microservices.config - INFO - Succesfull create and connect with redis
2025-05-09 21:30:24,812 - redis_microservices.config - INFO - Starting to load products from database into Redis
2025-05-09 21:30:24,821 - redis_microservices.config - INFO - Retrieved 1 products from database
2025-05-09 21:30:24,825 - redis_microservices.config - INFO - Successfully stored 1 products in Redis
2025-05-09 21:30:35,293 - redis_microservices.config - INFO - Succesfull create and connect with redis
2025-05-09 21:30:35,293 - redis_microservices.config - INFO - Starting to load products from database into Redis
2025-05-09 21:30:35,305 - redis_microservices.config - INFO - Retrieved 1 products from database
2025-05-09 21:30:35,310 - redis_microservices.config - INFO - Successfully stored 1 products in Redis
2025-05-09 21:31:05,048 - redis_microservices.config - INFO - Succesfull create and connect with redis
2025-05-09 21:31:05,049 - redis_microservices.config - INFO - Starting to load products from database into Redis
2025-05-09 21:31:05,059 - redis_microservices.config - INFO - Retrieved 1 products from database
2025-05-09 21:31:05,065 - redis_microservices.config - INFO - Successfully stored 1 products in Redis
2025-05-09 21:31:05,928 - redis_microservices.config - INFO - Succesfull create and connect with redis
2025-05-09 21:31:05,929 - redis_microservices.config - INFO - Starting to load products from database into Redis
2025-05-09 21:31:05,939 - redis_microservices.config - INFO - Retrieved 1 products from database
2025-05-09 21:31:05,944 - redis_microservices.config - INFO - Successfully stored 1 products in Redis
2025-05-09 21:31:06,929 - redis_microservices.config - INFO - Succesfull create and connect with redis
2025-05-09 21:31:06,930 - redis_microservices.config - INFO - Starting to load products from database into Redis
2025-05-09 21:31:06,940 - redis_microservices.config - INFO - Retrieved 1 products from database
2025-05-09 21:31:06,945 - redis_microservices.config - INFO - Successfully stored 1 products in Redis
2025-05-09 21:31:07,276 - redis_microservices.config - INFO - Succesfull create and connect with redis
2025-05-09 21:31:07,276 - redis_microservices.config - INFO - Starting to load products from database into Redis
2025-05-09 21:31:07,285 - redis_microservices.config - INFO - Retrieved 1 products from database
2025-05-09 21:31:07,290 - redis_microservices.config - INFO - Successfully stored 1 products in Redis
2025-05-09 21:31:07,511 - redis_microservices.config - INFO - Succesfull create and connect with redis
2025-05-09 21:31:07,511 - redis_microservices.config - INFO - Starting to load products from database into Redis
2025-05-09 21:31:07,520 - redis_microservices.config - INFO - Retrieved 1 products from database
2025-05-09 21:31:07,523 - redis_microservices.config - INFO - Successfully stored 1 products in Redis
2025-05-09 21:31:07,694 - redis_microservices.config - INFO - Succesfull create and connect with redis
2025-05-09 21:31:07,695 - redis_microservices.config - INFO - Starting to load products from database into Redis
2025-05-09 21:31:07,703 - redis_microservices.config - INFO - Retrieved 1 products from database
2025-05-09 21:31:07,707 - redis_microservices.config - INFO - Successfully stored 1 products in Redis
2025-05-09 21:31:07,885 - redis_microservices.config - INFO - Succesfull create and connect with redis
2025-05-09 21:31:07,885 - redis_microservices.config - INFO - Starting to load products from database into Redis
2025-05-09 21:31:07,895 - redis_microservices.config - INFO - Retrieved 1 products from database
2025-05-09 21:31:07,898 - redis_microservices.config - INFO - Successfully stored 1 products in Redis
2025-05-09 21:31:08,096 - redis_microservices.config - INFO - Succesfull create and connect with redis
2025-05-09 21:31:08,096 - redis_microservices.config - INFO - Starting to load products from database into Redis
2025-05-09 21:31:08,104 - redis_microservices.config - INFO - Retrieved 1 products from database
2025-05-09 21:31:08,109 - redis_microservices.config - INFO - Successfully stored 1 products in Redis
2025-05-09 21:31:08,280 - redis_microservices.config - INFO - Succesfull create and connect with redis
2025-05-09 21:31:08,280 - redis_microservices.config - INFO - Starting to load products from database into Redis
2025-05-09 21:31:08,289 - redis_microservices.config - INFO - Retrieved 1 products from database
2025-05-09 21:31:08,293 - redis_microservices.config - INFO - Successfully stored 1 products in Redis
2025-05-09 21:31:08,451 - redis_microservices.config - INFO - Succesfull create and connect with redis
2025-05-09 21:31:08,451 - redis_microservices.config - INFO - Starting to load products from database into Redis
2025-05-09 21:31:08,461 - redis_microservices.config - INFO - Retrieved 1 products from database
2025-05-09 21:31:08,465 - redis_microservices.config - INFO - Successfully stored 1 products in Redis
2025-05-09 21:31:09,127 - redis_microservices.config - INFO - Succesfull create and connect with redis
2025-05-09 21:31:09,127 - redis_microservices.config - INFO - Starting to load products from database into Redis
2025-05-09 21:31:09,136 - redis_microservices.config - INFO - Retrieved 1 products from database
2025-05-09 21:31:09,140 - redis_microservices.config - INFO - Successfully stored 1 products in Redis
2025-05-09 21:33:48,129 - redis_microservices.config - INFO - Succesfull create and connect with redis
2025-05-09 21:33:48,130 - redis_microservices.config - INFO - Starting to load products from database into Redis
2025-05-09 21:33:48,142 - redis_microservices.config - INFO - Retrieved 1 products from database
2025-05-09 21:33:48,148 - redis_microservices.config - INFO - Successfully stored 1 products in Redis
2025-05-09 21:34:46,062 - redis_microservices.config - INFO - Succesfull create and connect with redis
2025-05-09 21:34:46,063 - redis_microservices.config - INFO - Starting to load products from database into Redis
2025-05-09 21:34:46,071 - redis_microservices.config - INFO - Retrieved 1 products from database
2025-05-09 21:34:46,076 - redis_microservices.config - INFO - Successfully stored 1 products in Redis
2025-05-09 22:20:00,729 - redis_microservices.config - INFO - Succesfull create and connect with redis
2025-05-09 22:20:00,729 - redis_microservices.config - INFO - Starting to load products from database into Redis
2025-05-09 22:20:00,741 - redis_microservices.config - INFO - Retrieved 1 products from database
2025-05-09 22:20:00,749 - redis_microservices.config - INFO - Successfully stored 1 products in Redis
2025-05-09 22:20:02,029 - redis_microservices.config - INFO - Succesfull create and connect with redis
2025-05-09 22:20:02,030 - redis_microservices.config - INFO - Starting to load products from database into Redis
2025-05-09 22:20:02,038 - redis_microservices.config - INFO - Retrieved 1 products from database
2025-05-09 22:20:02,041 - redis_microservices.config - INFO - Successfully stored 1 products in Redis
2025-05-09 22:20:02,470 - redis_microservices.config - INFO - Succesfull create and connect with redis
2025-05-09 22:20:02,470 - redis_microservices.config - INFO - Starting to load products from database into Redis
2025-05-09 22:20:02,479 - redis_microservices.config - INFO - Retrieved 1 products from database
2025-05-09 22:20:02,483 - redis_microservices.config - INFO - Successfully stored 1 products in Redis
2025-05-09 22:21:34,851 - redis_microservices.config - INFO - Succesfull create and connect with redis
2025-05-09 22:21:35,583 - redis_microservices.config - INFO - Starting to load products from database into Redis
2025-05-09 22:21:35,651 - redis_microservices.config - INFO - Retrieved 1 products from database
2025-05-09 22:21:35,656 - redis_microservices.config - INFO - Successfully stored 1 products in Redis
2025-05-09 22:31:14,939 - redis_microservices.config - INFO - Succesfull create and connect with redis
2025-05-09 22:31:14,940 - redis_microservices.config - INFO - Starting to load products from database into Redis
2025-05-09 22:31:14,949 - redis_microservices.config - INFO - Retrieved 1 products from database
2025-05-09 22:31:14,954 - redis_microservices.config - INFO - Successfully stored 1 products in Redis
2025-05-09 22:31:15,603 - redis_microservices.config - INFO - Succesfull create and connect with redis
2025-05-09 22:31:15,604 - redis_microservices.config - INFO - Starting to load products from database into Redis
2025-05-09 22:31:15,613 - redis_microservices.config - INFO - Retrieved 1 products from database
2025-05-09 22:31:15,617 - redis_microservices.config - INFO - Successfully stored 1 products in Redis
2025-05-09 22:31:16,075 - redis_microservices.config - INFO - Succesfull create and connect with redis
2025-05-09 22:31:16,076 - redis_microservices.config - INFO - Starting to load products from database into Redis
2025-05-09 22:31:16,085 - redis_microservices.config - INFO - Retrieved 1 products from database
2025-05-09 22:31:16,089 - redis_microservices.config - INFO - Successfully stored 1 products in Redis
2025-05-09 22:31:16,556 - redis_microservices.config - INFO - Succesfull create and connect with redis
2025-05-09 22:31:16,556 - redis_microservices.config - INFO - Starting to load products from database into Redis
2025-05-09 22:31:16,565 - redis_microservices.config - INFO - Retrieved 1 products from database
2025-05-09 22:31:16,568 - redis_microservices.config - INFO - Successfully stored 1 products in Redis
2025-05-09 22:31:16,756 - redis_microservices.config - INFO - Succesfull create and connect with redis
2025-05-09 22:31:16,757 - redis_microservices.config - INFO - Starting to load products from database into Redis
2025-05-09 22:31:16,766 - redis_microservices.config - INFO - Retrieved 1 products from database
2025-05-09 22:31:16,770 - redis_microservices.config - INFO - Successfully stored 1 products in Redis
2025-05-09 22:31:16,940 - redis_microservices.config - INFO - Succesfull create and connect with redis
2025-05-09 22:31:16,941 - redis_microservices.config - INFO - Starting to load products from database into Redis
2025-05-09 22:31:16,951 - redis_microservices.config - INFO - Retrieved 1 products from database
2025-05-09 22:31:16,954 - redis_microservices.config - INFO - Successfully stored 1 products in Redis
2025-05-09 22:31:17,139 - redis_microservices.config - INFO - Succesfull create and connect with redis
2025-05-09 22:31:17,140 - redis_microservices.config - INFO - Starting to load products from database into Redis
2025-05-09 22:31:17,150 - redis_microservices.config - INFO - Retrieved 1 products from database
2025-05-09 22:31:17,153 - redis_microservices.config - INFO - Successfully stored 1 products in Redis
2025-05-09 22:31:30,890 - redis_microservices.config - INFO - Succesfull create and connect with redis
2025-05-09 22:31:30,890 - redis_microservices.config - INFO - Starting to load products from database into Redis
2025-05-09 22:31:30,898 - redis_microservices.config - INFO - Retrieved 1 products from database
2025-05-09 22:31:30,903 - redis_microservices.config - INFO - Successfully stored 1 products in Redis
2025-05-09 22:31:36,105 - redis_microservices.config - INFO - Succesfull create and connect with redis
2025-05-09 22:31:36,106 - redis_microservices.config - INFO - Starting to load products from database into Redis
2025-05-09 22:31:36,117 - redis_microservices.config - INFO - Retrieved 1 products from database
2025-05-09 22:31:36,121 - redis_microservices.config - INFO - Successfully stored 1 products in Redis
2025-05-09 22:31:36,325 - redis_microservices.config - INFO - Succesfull create and connect with redis
2025-05-09 22:31:36,326 - redis_microservices.config - INFO - Starting to load products from database into Redis
2025-05-09 22:31:36,335 - redis_microservices.config - INFO - Retrieved 1 products from database
2025-05-09 22:31:36,339 - redis_microservices.config - INFO - Successfully stored 1 products in Redis
2025-05-09 22:31:36,525 - redis_microservices.config - INFO - Succesfull create and connect with redis
2025-05-09 22:31:36,526 - redis_microservices.config - INFO - Starting to load products from database into Redis
2025-05-09 22:31:36,535 - redis_microservices.config - INFO - Retrieved 1 products from database
2025-05-09 22:31:36,538 - redis_microservices.config - INFO - Successfully stored 1 products in Redis
2025-05-09 22:31:36,717 - redis_microservices.config - INFO - Succesfull create and connect with redis
2025-05-09 22:31:36,718 - redis_microservices.config - INFO - Starting to load products from database into Redis
2025-05-09 22:31:36,727 - redis_microservices.config - INFO - Retrieved 1 products from database
2025-05-09 22:31:36,730 - redis_microservices.config - INFO - Successfully stored 1 products in Redis
2025-05-09 22:31:36,910 - redis_microservices.config - INFO - Succesfull create and connect with redis
2025-05-09 22:31:36,911 - redis_microservices.config - INFO - Starting to load products from database into Redis
2025-05-09 22:31:36,920 - redis_microservices.config - INFO - Retrieved 1 products from database
2025-05-09 22:31:36,924 - redis_microservices.config - INFO - Successfully stored 1 products in Redis
2025-05-09 22:31:37,074 - redis_microservices.config - INFO - Succesfull create and connect with redis
2025-05-09 22:31:37,074 - redis_microservices.config - INFO - Starting to load products from database into Redis
2025-05-09 22:31:37,084 - redis_microservices.config - INFO - Retrieved 1 products from database
2025-05-09 22:31:37,088 - redis_microservices.config - INFO - Successfully stored 1 products in Redis
2025-05-09 22:31:38,826 - redis_microservices.config - INFO - Succesfull create and connect with redis
2025-05-09 22:31:38,827 - redis_microservices.config - INFO - Starting to load products from database into Redis
2025-05-09 22:31:38,838 - redis_microservices.config - INFO - Retrieved 1 products from database
2025-05-09 22:31:38,843 - redis_microservices.config - INFO - Successfully stored 1 products in Redis
2025-05-09 22:31:42,438 - redis_microservices.config - INFO - Succesfull create and connect with redis
2025-05-09 22:31:42,439 - redis_microservices.config - INFO - Starting to load products from database into Redis
2025-05-09 22:31:42,448 - redis_microservices.config - INFO - Retrieved 1 products from database
2025-05-09 22:31:42,452 - redis_microservices.config - INFO - Successfully stored 1 products in Redis
2025-05-09 22:31:44,571 - redis_microservices.config - INFO - Succesfull create and connect with redis
2025-05-09 22:31:44,572 - redis_microservices.config - INFO - Starting to load products from database into Redis
2025-05-09 22:31:44,586 - redis_microservices.config - INFO - Retrieved 1 products from database
2025-05-09 22:31:44,593 - redis_microservices.config - INFO - Successfully stored 1 products in Redis
2025-05-09 22:31:59,328 - redis_microservices.config - INFO - Succesfull create and connect with redis
2025-05-09 22:31:59,329 - redis_microservices.config - INFO - Starting to load products from database into Redis
2025-05-09 22:31:59,338 - redis_microservices.config - INFO - Retrieved 1 products from database
2025-05-09 22:31:59,343 - redis_microservices.config - INFO - Successfully stored 1 products in Redis
2025-05-09 22:31:59,522 - redis_microservices.config - INFO - Succesfull create and connect with redis
2025-05-09 22:31:59,522 - redis_microservices.config - INFO - Starting to load products from database into Redis
2025-05-09 22:31:59,532 - redis_microservices.config - INFO - Retrieved 1 products from database
2025-05-09 22:31:59,535 - redis_microservices.config - INFO - Successfully stored 1 products in Redis
2025-05-09 22:31:59,713 - redis_microservices.config - INFO - Succesfull create and connect with redis
2025-05-09 22:31:59,714 - redis_microservices.config - INFO - Starting to load products from database into Redis
2025-05-09 22:31:59,724 - redis_microservices.config - INFO - Retrieved 1 products from database
2025-05-09 22:31:59,727 - redis_microservices.config - INFO - Successfully stored 1 products in Redis
2025-05-09 22:31:59,885 - redis_microservices.config - INFO - Succesfull create and connect with redis
2025-05-09 22:31:59,886 - redis_microservices.config - INFO - Starting to load products from database into Redis
2025-05-09 22:31:59,894 - redis_microservices.config - INFO - Retrieved 1 products from database
2025-05-09 22:31:59,898 - redis_microservices.config - INFO - Successfully stored 1 products in Redis
2025-05-09 22:32:00,060 - redis_microservices.config - INFO - Succesfull create and connect with redis
2025-05-09 22:32:00,061 - redis_microservices.config - INFO - Starting to load products from database into Redis
2025-05-09 22:32:00,070 - redis_microservices.config - INFO - Retrieved 1 products from database
2025-05-09 22:32:00,074 - redis_microservices.config - INFO - Successfully stored 1 products in Redis
2025-05-09 22:32:00,202 - redis_microservices.config - INFO - Succesfull create and connect with redis
2025-05-09 22:32:00,203 - redis_microservices.config - INFO - Starting to load products from database into Redis
2025-05-09 22:32:00,213 - redis_microservices.config - INFO - Retrieved 1 products from database
2025-05-09 22:32:00,216 - redis_microservices.config - INFO - Successfully stored 1 products in Redis
2025-05-09 22:32:04,009 - redis_microservices.config - INFO - Succesfull create and connect with redis
2025-05-09 22:32:04,009 - redis_microservices.config - INFO - Starting to load products from database into Redis
2025-05-09 22:32:04,020 - redis_microservices.config - INFO - Retrieved 1 products from database
2025-05-09 22:32:04,024 - redis_microservices.config - INFO - Successfully stored 1 products in Redis
2025-05-11 16:48:58,569 - redis_microservices.config - INFO - Succesfull create and connect with redis
2025-05-11 16:48:58,570 - redis_microservices.config - INFO - Starting to load products from database into Redis
2025-05-11 16:48:58,582 - redis_microservices.config - INFO - Retrieved 1 products from database
2025-05-11 16:48:58,587 - redis_microservices.config - INFO - Successfully stored 1 products in Redis
2025-05-11 16:58:18,147 - redis_microservices.config - INFO - Succesfull create and connect with redis
2025-05-11 17:01:50,428 - redis_microservices.config - INFO - Succesfull create and connect with redis
2025-05-11 17:01:50,435 - redis_microservices.config - INFO - Succesfull create and connect with redis
2025-05-11 17:02:29,596 - redis_microservices.config - INFO - Succesfull create and connect with redis
2025-05-11 17:02:29,602 - redis_microservices.config - INFO - Succesfull create and connect with redis
2025-05-11 17:03:04,161 - redis_microservices.config - INFO - Succesfull create and connect with redis
2025-05-11 17:03:04,167 - redis_microservices.config - INFO - Succesfull create and connect with redis
2025-05-11 17:06:06,479 - redis_microservices.config - INFO - Succesfull create and connect with redis
2025-05-11 17:06:06,486 - redis_microservices.config - INFO - Succesfull create and connect with redis
2025-05-11 17:06:44,761 - redis_microservices.config - INFO - Succesfull create and connect with redis
2025-05-11 17:06:44,766 - redis_microservices.config - INFO - Succesfull create and connect with redis
2025-05-11 17:07:14,606 - redis_microservices.config - INFO - Succesfull create and connect with redis
2025-05-11 17:07:14,611 - redis_microservices.config - INFO - Succesfull create and connect with redis
2025-05-11 17:11:03,738 - redis_microservices.config - INFO - Succesfull create and connect with redis
2025-05-11 17:11:03,743 - redis_microservices.config - INFO - Succesfull create and connect with redis
2025-05-11 17:14:09,078 - redis_microservices.config - INFO - Succesfull create and connect with redis
2025-05-11 17:14:09,084 - redis_microservices.config - INFO - Succesfull create and connect with redis
2025-05-11 17:14:44,737 - redis_microservices.config - INFO - Succesfull create and connect with redis
2025-05-11 17:14:44,742 - redis_microservices.config - INFO - Succesfull create and connect with redis
2025-05-11 17:14:44,744 - redis_microservices.config - INFO - Added product: product:8195f8f3-9afa-4841-a660-6b00da55d25a with 14 fields
2025-05-11 17:34:32,761 - redis_microservices.config - INFO - Succesfull create and connect with redis
2025-05-11 17:35:12,944 - redis_microservices.config - INFO - Succesfull create and connect with redis
2025-05-11 17:36:49,532 - redis_microservices.config - INFO - Succesfull create and connect with redis
2025-05-11 17:40:24,020 - redis_microservices.config - INFO - Succesfull create and connect with redis
2025-05-11 17:40:24,021 - redis_microservices.config - INFO - Redis hit for product: 621e73fe-07cd-432e-812d-09460944934d
2025-05-11 19:32:07,257 - redis_microservices.config - INFO - Succesfull create and connect with redis
2025-05-11 19:32:07,258 - redis_microservices.config - INFO - Product 621e73fe-07cd-432e-812d-09460944934d not found in Redis, trying database
2025-05-11 19:35:31,256 - redis_microservices.config - INFO - Succesfull create and connect with redis
2025-05-11 19:35:31,258 - redis_microservices.config - INFO - Product 621e73fe-07cd-432e-812d-09460944934d not found in Redis, trying database
2025-05-11 19:35:55,444 - redis_microservices.config - INFO - Succesfull create and connect with redis
2025-05-11 19:35:55,445 - redis_microservices.config - INFO - Product 621e73fe-07cd-432e-812d-09460944934d not found in Redis, trying database
2025-05-11 19:36:05,260 - redis_microservices.config - INFO - Succesfull create and connect with redis
2025-05-11 19:36:05,261 - redis_microservices.config - INFO - Product 621e73fe-07cd-432e-812d-09460944934d not found in Redis, trying database
2025-05-11 19:36:05,269 - redis_microservices.config - ERROR - Error retrieving product from database: name 'product_data' is not defined
2025-05-11 19:36:05,672 - redis_microservices.config - INFO - Succesfull create and connect with redis
2025-05-11 19:36:05,673 - redis_microservices.config - INFO - Product 621e73fe-07cd-432e-812d-09460944934d not found in Redis, trying database
2025-05-11 19:36:05,684 - redis_microservices.config - ERROR - Error retrieving product from database: name 'product_data' is not defined
2025-05-11 19:36:27,930 - redis_microservices.config - INFO - Succesfull create and connect with redis
2025-05-11 19:36:27,931 - redis_microservices.config - INFO - Product 621e73fe-07cd-432e-812d-09460944934d not found in Redis, trying database
2025-05-11 19:36:27,939 - redis_microservices.config - ERROR - Error retrieving product from database: name 'product_data' is not defined
2025-05-11 19:36:28,326 - redis_microservices.config - INFO - Succesfull create and connect with redis
2025-05-11 19:36:28,328 - redis_microservices.config - INFO - Product 621e73fe-07cd-432e-812d-09460944934d not found in Redis, trying database
2025-05-11 19:36:28,337 - redis_microservices.config - ERROR - Error retrieving product from database: name 'product_data' is not defined
2025-05-11 19:36:28,914 - redis_microservices.config - INFO - Succesfull create and connect with redis
2025-05-11 19:36:28,914 - redis_microservices.config - INFO - Product 621e73fe-07cd-432e-812d-09460944934d not found in Redis, trying database
2025-05-11 19:36:28,925 - redis_microservices.config - ERROR - Error retrieving product from database: name 'product_data' is not defined
2025-05-11 19:37:07,097 - redis_microservices.config - INFO - Succesfull create and connect with redis
2025-05-11 19:37:07,098 - redis_microservices.config - INFO - Product 621e73fe-07cd-432e-812d-09460944934d not found in Redis, trying database
2025-05-11 19:37:07,107 - redis_microservices.config - ERROR - Error retrieving product from database: name 'product_data' is not defined
2025-05-11 19:43:03,196 - redis_microservices.config - INFO - Succesfull create and connect with redis
2025-05-11 19:43:03,197 - redis_microservices.config - INFO - Product 621e73fe-07cd-432e-812d-09460944934d not found in Redis, trying database
2025-05-11 19:43:34,986 - redis_microservices.config - INFO - Succesfull create and connect with redis
2025-05-11 19:43:34,987 - redis_microservices.config - INFO - Product 621e73fe-07cd-432e-812d-09460944934d not found in Redis, trying database
2025-05-11 19:43:36,025 - redis_microservices.config - INFO - Succesfull create and connect with redis
2025-05-11 19:43:36,026 - redis_microservices.config - INFO - Product 621e73fe-07cd-432e-812d-09460944934d not found in Redis, trying database
2025-05-11 19:43:36,975 - redis_microservices.config - INFO - Succesfull create and connect with redis
2025-05-11 19:43:36,976 - redis_microservices.config - INFO - Product 621e73fe-07cd-432e-812d-09460944934d not found in Redis, trying database
2025-05-11 19:44:11,065 - redis_microservices.config - INFO - Succesfull create and connect with redis
2025-05-11 19:44:11,065 - redis_microservices.config - INFO - Product 621e73fe-07cd-432e-812d-09460944934d not found in Redis, trying database
2025-05-11 19:48:09,173 - redis_microservices.config - INFO - Succesfull create and connect with redis
2025-05-11 19:48:09,174 - redis_microservices.config - INFO - Product 621e73fe-07cd-432e-812d-09460944934d not found in Redis, trying database
2025-05-11 19:48:11,232 - redis_microservices.config - INFO - Succesfull create and connect with redis
2025-05-11 19:48:11,233 - redis_microservices.config - INFO - Product 621e73fe-07cd-432e-812d-09460944934d not found in Redis, trying database
2025-05-11 19:49:41,824 - redis_microservices.config - INFO - Succesfull create and connect with redis
2025-05-11 19:49:41,824 - redis_microservices.config - INFO - Product 621e73fe-07cd-432e-812d-09460944934d not found in Redis, trying database
2025-05-11 19:51:21,785 - redis_microservices.config - INFO - Succesfull create and connect with redis
2025-05-11 19:51:21,786 - redis_microservices.config - INFO - Product 621e73fe-07cd-432e-812d-09460944934d not found in Redis, trying database
2025-05-11 19:51:21,798 - redis_microservices.config - ERROR - Invalid data format: Invalid input of type: 'Decimal'. Convert to a bytes, string, int or float first.
2025-05-11 19:52:10,450 - redis_microservices.config - INFO - Succesfull create and connect with redis
2025-05-11 19:52:10,451 - redis_microservices.config - INFO - Product 621e73fe-07cd-432e-812d-09460944934d not found in Redis, trying database
2025-05-11 19:52:10,462 - redis_microservices.config - ERROR - Invalid data format: Invalid input of type: 'Decimal'. Convert to a bytes, string, int or float first.
2025-05-11 19:52:37,296 - redis_microservices.config - INFO - Succesfull create and connect with redis
2025-05-11 19:52:37,297 - redis_microservices.config - INFO - Product 621e73fe-07cd-432e-812d-09460944934d not found in Redis, trying database
2025-05-11 19:52:37,311 - redis_microservices.config - ERROR - Invalid data format: Invalid input of type: 'Decimal'. Convert to a bytes, string, int or float first.
2025-05-11 19:52:37,390 - redis_microservices.config - INFO - Succesfull create and connect with redis
2025-05-11 19:52:37,391 - redis_microservices.config - INFO - Product 621e73fe-07cd-432e-812d-09460944934d not found in Redis, trying database
2025-05-11 19:52:37,413 - redis_microservices.config - ERROR - Invalid data format: Invalid input of type: 'Decimal'. Convert to a bytes, string, int or float first.
2025-05-11 19:52:37,545 - redis_microservices.config - INFO - Succesfull create and connect with redis
2025-05-11 19:52:37,546 - redis_microservices.config - INFO - Product 621e73fe-07cd-432e-812d-09460944934d not found in Redis, trying database
2025-05-11 19:52:37,558 - redis_microservices.config - ERROR - Invalid data format: Invalid input of type: 'Decimal'. Convert to a bytes, string, int or float first.
2025-05-11 19:58:32,029 - redis_microservices.config - INFO - Succesfull create and connect with redis
2025-05-11 19:58:32,037 - redis_microservices.config - INFO - Product 621e73fe-07cd-432e-812d-09460944934d not found in Redis, trying database
2025-05-11 19:58:32,069 - redis_microservices.config - ERROR - Invalid data format: Invalid input of type: 'Decimal'. Convert to a bytes, string, int or float first.
2025-05-11 20:01:57,954 - redis_microservices.config - INFO - Succesfull create and connect with redis
2025-05-11 20:01:57,955 - redis_microservices.config - INFO - Product 621e73fe-07cd-432e-812d-09460944934d not found in Redis, trying database
2025-05-11 20:02:01,755 - redis_microservices.config - INFO - Succesfull create and connect with redis
2025-05-11 20:02:01,757 - redis_microservices.config - INFO - Product 621e73fe-07cd-432e-812d-09460944934d not found in Redis, trying database
2025-05-11 20:02:57,386 - redis_microservices.config - INFO - Succesfull create and connect with redis
2025-05-11 20:02:57,387 - redis_microservices.config - INFO - Product 621e73fe-07cd-432e-812d-09460944934d not found in Redis, trying database
2025-05-11 20:02:57,396 - redis_microservices.config - ERROR - Invalid data format: Invalid input of type: 'Decimal'. Convert to a bytes, string, int or float first.
2025-05-11 20:02:59,384 - redis_microservices.config - INFO - Succesfull create and connect with redis
2025-05-11 20:02:59,386 - redis_microservices.config - INFO - Product 621e73fe-07cd-432e-812d-09460944934d not found in Redis, trying database
2025-05-11 20:02:59,397 - redis_microservices.config - ERROR - Invalid data format: Invalid input of type: 'Decimal'. Convert to a bytes, string, int or float first.
2025-05-11 20:03:11,615 - redis_microservices.config - INFO - Succesfull create and connect with redis
2025-05-11 20:03:11,616 - redis_microservices.config - INFO - Product 621e73fe-07cd-432e-812d-09460944934d not found in Redis, trying database
2025-05-11 20:03:11,628 - redis_microservices.config - ERROR - Invalid data format: Invalid input of type: 'Decimal'. Convert to a bytes, string, int or float first.
2025-05-11 20:03:11,718 - redis_microservices.config - INFO - Succesfull create and connect with redis
2025-05-11 20:03:11,720 - redis_microservices.config - INFO - Product 621e73fe-07cd-432e-812d-09460944934d not found in Redis, trying database
2025-05-11 20:03:11,733 - redis_microservices.config - ERROR - Invalid data format: Invalid input of type: 'Decimal'. Convert to a bytes, string, int or float first.
2025-05-11 20:04:00,505 - redis_microservices.config - INFO - Succesfull create and connect with redis
2025-05-11 20:04:00,506 - redis_microservices.config - INFO - Product 621e73fe-07cd-432e-812d-09460944934d not found in Redis, trying database
2025-05-11 20:04:00,515 - redis_microservices.config - ERROR - Invalid data format: Invalid input of type: 'Decimal'. Convert to a bytes, string, int or float first.
2025-05-11 20:04:00,972 - redis_microservices.config - INFO - Succesfull create and connect with redis
2025-05-11 20:04:00,973 - redis_microservices.config - INFO - Product 621e73fe-07cd-432e-812d-09460944934d not found in Redis, trying database
2025-05-11 20:04:00,983 - redis_microservices.config - ERROR - Invalid data format: Invalid input of type: 'Decimal'. Convert to a bytes, string, int or float first.
2025-05-11 20:05:07,373 - redis_microservices.config - INFO - Succesfull create and connect with redis
2025-05-11 20:05:07,374 - redis_microservices.config - INFO - Product 621e73fe-07cd-432e-812d-09460944934d not found in Redis, trying database
2025-05-11 20:05:32,668 - redis_microservices.config - INFO - Succesfull create and connect with redis
2025-05-11 20:05:32,669 - redis_microservices.config - INFO - Product 621e73fe-07cd-432e-812d-09460944934d not found in Redis, trying database
2025-05-11 20:05:32,684 - redis_microservices.config - INFO - Added product: product:621e73fe-07cd-432e-812d-09460944934d with 14 fields
2025-05-11 20:05:32,684 - redis_microservices.config - INFO - Redis added product: 621e73fe-07cd-432e-812d-09460944934d
2025-05-11 20:07:41,411 - redis_microservices.config - INFO - Succesfull create and connect with redis
2025-05-11 20:07:41,412 - redis_microservices.config - INFO - Redis hit for product: 621e73fe-07cd-432e-812d-09460944934d
2025-05-11 20:07:46,665 - redis_microservices.config - INFO - Succesfull create and connect with redis
2025-05-11 20:07:46,666 - redis_microservices.config - INFO - Redis hit for product: 621e73fe-07cd-432e-812d-09460944934d
2025-05-11 20:07:47,185 - redis_microservices.config - INFO - Succesfull create and connect with redis
2025-05-11 20:07:47,186 - redis_microservices.config - INFO - Redis hit for product: 621e73fe-07cd-432e-812d-09460944934d
2025-05-11 20:07:47,673 - redis_microservices.config - INFO - Succesfull create and connect with redis
2025-05-11 20:07:47,674 - redis_microservices.config - INFO - Redis hit for product: 621e73fe-07cd-432e-812d-09460944934d
2025-05-11 20:07:47,917 - redis_microservices.config - INFO - Succesfull create and connect with redis
2025-05-11 20:07:47,918 - redis_microservices.config - INFO - Redis hit for product: 621e73fe-07cd-432e-812d-09460944934d
2025-05-11 20:07:48,107 - redis_microservices.config - INFO - Succesfull create and connect with redis
2025-05-11 20:07:48,109 - redis_microservices.config - INFO - Redis hit for product: 621e73fe-07cd-432e-812d-09460944934d
2025-05-11 20:07:48,356 - redis_microservices.config - INFO - Succesfull create and connect with redis
2025-05-11 20:07:48,357 - redis_microservices.config - INFO - Redis hit for product: 621e73fe-07cd-432e-812d-09460944934d
2025-05-11 20:07:52,697 - redis_microservices.config - INFO - Succesfull create and connect with redis
2025-05-11 20:07:52,698 - redis_microservices.config - INFO - Redis hit for product: 621e73fe-07cd-432e-812d-09460944934d
2025-05-11 20:08:01,621 - redis_microservices.config - INFO - Succesfull create and connect with redis
2025-05-11 20:08:01,623 - redis_microservices.config - INFO - Redis hit for product: 621e73fe-07cd-432e-812d-09460944934d
2025-05-11 20:08:06,808 - redis_microservices.config - INFO - Succesfull create and connect with redis
2025-05-11 20:08:06,810 - redis_microservices.config - INFO - Redis hit for product: 621e73fe-07cd-432e-812d-09460944934d
2025-05-11 20:28:46,323 - redis_microservices.config - INFO - Succesfull create and connect with redis
2025-05-11 20:28:46,323 - redis_microservices.config - INFO - Starting to load products from database into Redis
2025-05-11 20:28:46,336 - redis_microservices.config - INFO - Retrieved 12 products from database
2025-05-11 20:28:46,344 - redis_microservices.config - INFO - Successfully stored 12 products in Redis
2025-05-11 20:29:14,361 - redis_microservices.config - INFO - Succesfull create and connect with redis
2025-05-11 20:29:14,362 - redis_microservices.config - INFO - Starting to load products from database into Redis
2025-05-11 20:29:14,372 - redis_microservices.config - INFO - Retrieved 12 products from database
2025-05-11 20:29:14,378 - redis_microservices.config - INFO - Successfully stored 12 products in Redis
2025-05-11 20:29:27,733 - redis_microservices.config - INFO - Succesfull create and connect with redis
2025-05-11 20:29:27,734 - redis_microservices.config - INFO - Starting to load products from database into Redis
2025-05-11 20:29:27,741 - redis_microservices.config - INFO - Retrieved 12 products from database
2025-05-11 20:29:27,747 - redis_microservices.config - INFO - Successfully stored 12 products in Redis
2025-05-11 20:29:27,940 - redis_microservices.config - INFO - Succesfull create and connect with redis
2025-05-11 20:29:27,941 - redis_microservices.config - INFO - Starting to load products from database into Redis
2025-05-11 20:29:27,950 - redis_microservices.config - INFO - Retrieved 12 products from database
2025-05-11 20:29:27,955 - redis_microservices.config - INFO - Successfully stored 12 products in Redis
2025-05-12 16:23:10,174 - redis_microservices.config - INFO - Succesfull create and connect with redis
2025-05-12 16:23:10,175 - redis_microservices.config - INFO - Product 621e73fe-07cd-432e-812d-09460944934d not found in Redis, trying database
2025-05-12 16:23:10,178 - redis_microservices.config - INFO - Added product: product:621e73fe-07cd-432e-812d-09460944934d with 14 fields
2025-05-12 16:23:10,179 - redis_microservices.config - INFO - Redis added product: 621e73fe-07cd-432e-812d-09460944934d
2025-05-12 16:32:23,080 - redis_microservices.config - INFO - Succesfull create and connect with redis
2025-05-12 16:32:23,081 - redis_microservices.config - INFO - Redis hit for product: 621e73fe-07cd-432e-812d-09460944934d
2025-05-12 22:48:34,938 - redis_microservices.config - INFO - Succesfull create and connect with redis
2025-05-12 22:48:34,939 - redis_microservices.config - INFO - Product 621e73fe-07cd-432e-812d-09460944934d not found in Redis, trying database
2025-05-12 22:48:34,957 - redis_microservices.config - INFO - Added product: product:621e73fe-07cd-432e-812d-09460944934d with 14 fields
2025-05-12 22:48:34,957 - redis_microservices.config - INFO - Redis added product: 621e73fe-07cd-432e-812d-09460944934d
2025-05-12 23:38:25,197 - redis_microservices.config - INFO - Succesfull create and connect with redis
2025-05-12 23:38:25,200 - redis_microservices.config - INFO - Redis hit for product: 621e73fe-07cd-432e-812d-09460944934d
2025-05-12 23:38:26,008 - redis_microservices.config - INFO - Succesfull create and connect with redis
2025-05-12 23:38:26,009 - redis_microservices.config - INFO - Redis hit for product: 621e73fe-07cd-432e-812d-09460944934d
2025-05-12 23:38:26,702 - redis_microservices.config - INFO - Succesfull create and connect with redis
2025-05-12 23:38:26,703 - redis_microservices.config - INFO - Redis hit for product: 621e73fe-07cd-432e-812d-09460944934d
2025-05-12 23:38:27,268 - redis_microservices.config - INFO - Succesfull create and connect with redis
2025-05-12 23:38:27,270 - redis_microservices.config - INFO - Redis hit for product: 621e73fe-07cd-432e-812d-09460944934d
2025-05-12 23:38:27,895 - redis_microservices.config - INFO - Succesfull create and connect with redis
2025-05-12 23:38:27,896 - redis_microservices.config - INFO - Redis hit for product: 621e73fe-07cd-432e-812d-09460944934d
2025-05-12 23:38:28,456 - redis_microservices.config - INFO - Succesfull create and connect with redis
2025-05-12 23:38:28,457 - redis_microservices.config - INFO - Redis hit for product: 621e73fe-07cd-432e-812d-09460944934d
2025-05-12 23:38:29,025 - redis_microservices.config - INFO - Succesfull create and connect with redis
2025-05-12 23:38:29,026 - redis_microservices.config - INFO - Redis hit for product: 621e73fe-07cd-432e-812d-09460944934d
2025-05-12 23:38:29,532 - redis_microservices.config - INFO - Succesfull create and connect with redis
2025-05-12 23:38:29,533 - redis_microservices.config - INFO - Redis hit for product: 621e73fe-07cd-432e-812d-09460944934d
2025-05-12 23:38:30,075 - redis_microservices.config - INFO - Succesfull create and connect with redis
2025-05-12 23:38:30,076 - redis_microservices.config - INFO - Redis hit for product: 621e73fe-07cd-432e-812d-09460944934d
2025-05-12 23:38:30,630 - redis_microservices.config - INFO - Succesfull create and connect with redis
2025-05-12 23:38:30,631 - redis_microservices.config - INFO - Redis hit for product: 621e73fe-07cd-432e-812d-09460944934d
2025-05-12 23:38:31,199 - redis_microservices.config - INFO - Succesfull create and connect with redis
2025-05-12 23:38:31,200 - redis_microservices.config - INFO - Redis hit for product: 621e73fe-07cd-432e-812d-09460944934d
2025-05-12 23:40:48,633 - redis_microservices.config - INFO - Succesfull create and connect with redis
2025-05-12 23:40:48,634 - redis_microservices.config - INFO - Redis hit for product: 621e73fe-07cd-432e-812d-09460944934d
2025-05-12 23:40:48,640 - redis_microservices.config - INFO - Succesfull create and connect with redis
2025-05-12 23:40:48,641 - redis_microservices.config - INFO - Starting to load products from database into Redis
2025-05-12 23:40:48,661 - redis_microservices.config - INFO - Retrieved 12 products from database
2025-05-12 23:40:48,670 - redis_microservices.config - INFO - Successfully stored 12 products in Redis
2025-05-13 15:43:48,662 - redis_microservices.config - INFO - Succesfull create and connect with redis
2025-05-13 15:43:48,663 - redis_microservices.config - INFO - Starting to load products from database into Redis
2025-05-13 15:43:48,677 - redis_microservices.config - INFO - Retrieved 12 products from database
2025-05-13 15:43:48,685 - redis_microservices.config - INFO - Successfully stored 12 products in Redis
2025-05-13 15:44:48,881 - redis_microservices.config - INFO - Succesfull create and connect with redis
2025-05-13 15:44:48,881 - redis_microservices.config - INFO - Starting to load products from database into Redis
2025-05-13 15:44:48,896 - redis_microservices.config - INFO - Retrieved 12 products from database
2025-05-13 15:44:48,905 - redis_microservices.config - INFO - Successfully stored 12 products in Redis
2025-05-13 21:39:14,831 - redis_microservices.config - INFO - Succesfull create and connect with redis
2025-05-13 21:39:14,836 - redis_microservices.config - INFO - Succesfull create and connect with redis
2025-05-13 21:39:14,847 - redis_microservices.config - INFO - Added product: product:d65a1d49-8fc9-4d55-93d2-be2ed6478678 with 14 fields
2025-05-13 21:43:43,897 - redis_microservices.config - INFO - Succesfull create and connect with redis
2025-05-13 21:43:43,907 - redis_microservices.config - INFO - Succesfull create and connect with redis
2025-05-13 21:43:43,910 - redis_microservices.config - INFO - Added product: product:a13119c8-e34b-40e3-9aba-2da416c88c09 with 14 fields
2025-05-13 21:43:48,520 - redis_microservices.config - INFO - Succesfull create and connect with redis
2025-05-13 21:43:48,526 - redis_microservices.config - INFO - Succesfull create and connect with redis
2025-05-13 21:43:48,528 - redis_microservices.config - INFO - Added product: product:cb846baa-e7fa-4b96-b369-f4d5ae6a8042 with 14 fields
2025-05-13 21:44:37,145 - redis_microservices.config - INFO - Succesfull create and connect with redis
2025-05-13 21:44:37,151 - redis_microservices.config - INFO - Succesfull create and connect with redis
2025-05-13 21:44:37,155 - redis_microservices.config - INFO - Added product: product:1e142315-d5e8-4470-999d-410709f8067e with 14 fields
2025-05-13 21:46:59,078 - redis_microservices.config - INFO - Succesfull create and connect with redis
2025-05-13 21:46:59,083 - redis_microservices.config - INFO - Succesfull create and connect with redis
2025-05-13 21:46:59,086 - redis_microservices.config - INFO - Added product: product:1afacba4-5235-4ce9-8f0d-9ee30e6d9bd1 with 14 fields
2025-05-13 21:47:15,693 - redis_microservices.config - INFO - Succesfull create and connect with redis
2025-05-13 21:47:15,700 - redis_microservices.config - INFO - Succesfull create and connect with redis
2025-05-13 21:47:15,704 - redis_microservices.config - INFO - Added product: product:ee30438b-a60a-47ae-a7fa-a66c86dc9e08 with 14 fields
2025-05-13 21:47:53,624 - redis_microservices.config - INFO - Succesfull create and connect with redis
2025-05-13 21:47:53,629 - redis_microservices.config - INFO - Succesfull create and connect with redis
2025-05-13 21:47:53,631 - redis_microservices.config - INFO - Added product: product:ab9df825-b3f0-47af-8185-d860c9080ccc with 14 fields
2025-05-13 21:51:47,901 - redis_microservices.config - INFO - Succesfull create and connect with redis
2025-05-13 21:51:47,907 - redis_microservices.config - INFO - Succesfull create and connect with redis
2025-05-13 21:51:47,910 - redis_microservices.config - INFO - Added product: product:f947d0c9-2ded-40f6-8be7-7dd3ca21b108 with 14 fields
2025-05-13 21:52:42,226 - redis_microservices.config - INFO - Succesfull create and connect with redis
2025-05-13 21:52:42,233 - redis_microservices.config - INFO - Succesfull create and connect with redis
2025-05-13 21:52:42,236 - redis_microservices.config - INFO - Added product: product:b1284315-7c7b-42e3-b3a9-d8a1c617258f with 14 fields
2025-05-13 21:52:43,960 - redis_microservices.config - INFO - Succesfull create and connect with redis
2025-05-13 21:52:43,966 - redis_microservices.config - INFO - Succesfull create and connect with redis
2025-05-13 21:52:43,969 - redis_microservices.config - INFO - Added product: product:7fc734a3-ea2a-45b9-8c09-37752dd18632 with 14 fields
2025-05-13 21:53:00,571 - redis_microservices.config - INFO - Succesfull create and connect with redis
2025-05-13 21:53:00,578 - redis_microservices.config - INFO - Succesfull create and connect with redis
2025-05-13 21:53:00,580 - redis_microservices.config - INFO - Added product: product:0ba23b3e-4b05-4431-af27-c701b6e05141 with 14 fields
2025-05-13 22:20:53,712 - redis_microservices.config - INFO - Succesfull create and connect with redis
2025-05-13 22:20:53,713 - redis_microservices.config - INFO - Starting to load products from database into Redis
2025-05-13 22:20:53,726 - redis_microservices.config - INFO - Retrieved 23 products from database
2025-05-13 22:20:53,733 - redis_microservices.config - INFO - Successfully stored 23 products in Redis
2025-05-13 22:21:15,823 - redis_microservices.config - INFO - Succesfull create and connect with redis
2025-05-13 22:21:15,824 - redis_microservices.config - INFO - Starting to load products from database into Redis
2025-05-13 22:21:15,834 - redis_microservices.config - INFO - Retrieved 23 products from database
2025-05-13 22:21:15,841 - redis_microservices.config - INFO - Successfully stored 23 products in Redis
2025-05-13 23:07:53,117 - redis_microservices.config - INFO - Succesfull create and connect with redis
2025-05-13 23:07:53,118 - redis_microservices.config - INFO - Starting to load products from database into Redis
2025-05-13 23:07:53,134 - redis_microservices.config - INFO - Retrieved 23 products from database
2025-05-13 23:07:53,143 - redis_microservices.config - INFO - Successfully stored 23 products in Redis
2025-05-13 23:27:28,776 - redis_microservices.config - INFO - Succesfull create and connect with redis
2025-05-13 23:27:28,777 - redis_microservices.config - INFO - Redis hit for product: 621e73fe-07cd-432e-812d-09460944934d
2025-05-14 00:14:18,496 - redis_microservices.config - INFO - Succesfull create and connect with redis
2025-05-14 00:14:18,501 - redis_microservices.config - INFO - Starting to load products from database into Redis
2025-05-14 00:14:18,519 - redis_microservices.config - INFO - Retrieved 23 products from database
2025-05-14 00:14:18,530 - redis_microservices.config - INFO - Successfully stored 23 products in Redis
2025-05-14 00:15:37,565 - redis_microservices.config - INFO - Succesfull create and connect with redis
2025-05-14 00:15:37,566 - redis_microservices.config - INFO - Starting to load products from database into Redis
2025-05-14 00:15:37,575 - redis_microservices.config - INFO - Retrieved 23 products from database
2025-05-14 00:15:37,584 - redis_microservices.config - INFO - Successfully stored 23 products in Redis
2025-05-14 00:26:24,426 - redis_microservices.config - INFO - Succesfull create and connect with redis
2025-05-14 00:26:24,431 - redis_microservices.config - INFO - Succesfull create and connect with redis
2025-05-14 00:26:24,434 - redis_microservices.config - INFO - Added product: product:19b10081-07e4-4ce4-9d55-9c7948687a19 with 14 fields
2025-05-14 13:15:47,596 - redis_microservices.config - INFO - Succesfull create and connect with redis
2025-05-14 13:15:47,601 - redis_microservices.config - INFO - Succesfull create and connect with redis
2025-05-14 13:15:47,603 - redis_microservices.config - INFO - Added product: product:4c482b84-94c5-43ce-bc88-c028c84fde34 with 14 fields
2025-05-14 13:17:06,358 - redis_microservices.config - INFO - Succesfull create and connect with redis
2025-05-14 13:17:06,363 - redis_microservices.config - INFO - Succesfull create and connect with redis
2025-05-14 13:17:06,367 - redis_microservices.config - INFO - Added product: product:92c728e3-916e-4dbc-a5e4-fdc9467b844a with 14 fields
2025-05-14 13:21:04,751 - redis_microservices.config - INFO - Succesfull create and connect with redis
2025-05-14 13:21:04,757 - redis_microservices.config - INFO - Succesfull create and connect with redis
2025-05-14 13:21:04,758 - redis_microservices.config - INFO - Added product: product:abbd613a-ce17-4edc-abd5-bdc2aa64f4c1 with 14 fields
2025-05-14 13:25:32,339 - redis_microservices.config - INFO - Succesfull create and connect with redis
2025-05-14 13:25:32,343 - redis_microservices.config - INFO - Succesfull create and connect with redis
2025-05-14 13:25:32,345 - redis_microservices.config - INFO - Added product: product:a5c9b7ac-e321-4c93-b277-8ac7d252ec5a with 14 fields
2025-05-14 13:50:53,958 - redis_microservices.config - INFO - Succesfull create and connect with redis
2025-05-14 13:50:53,960 - redis_microservices.config - INFO - Product 8195f8f3-9afa-4841-a660-6b00da55d25a not found in Redis, trying database
2025-05-14 13:50:53,992 - redis_microservices.config - INFO - Added product: product:8195f8f3-9afa-4841-a660-6b00da55d25a with 14 fields
2025-05-14 13:50:53,993 - redis_microservices.config - INFO - Redis added product: 8195f8f3-9afa-4841-a660-6b00da55d25a
2025-05-14 13:51:47,298 - redis_microservices.config - INFO - Succesfull create and connect with redis
2025-05-14 13:51:47,299 - redis_microservices.config - INFO - Product 1e3d3aa6-ab4f-4533-9251-83e59e3f7318 not found in Redis, trying database
2025-05-14 13:51:47,311 - redis_microservices.config - INFO - Added product: product:1e3d3aa6-ab4f-4533-9251-83e59e3f7318 with 14 fields
2025-05-14 13:51:47,311 - redis_microservices.config - INFO - Redis added product: 1e3d3aa6-ab4f-4533-9251-83e59e3f7318
2025-05-14 14:09:51,102 - redis_microservices.config - INFO - Succesfull create and connect with redis
2025-05-14 14:09:51,104 - redis_microservices.config - INFO - Redis hit for product: 1e3d3aa6-ab4f-4533-9251-83e59e3f7318
2025-05-14 14:10:08,359 - redis_microservices.config - INFO - Succesfull create and connect with redis
2025-05-14 14:10:08,360 - redis_microservices.config - INFO - Redis hit for product: 1e3d3aa6-ab4f-4533-9251-83e59e3f7318
2025-05-14 14:10:25,783 - redis_microservices.config - INFO - Succesfull create and connect with redis
2025-05-14 14:10:25,784 - redis_microservices.config - INFO - Redis hit for product: 1e3d3aa6-ab4f-4533-9251-83e59e3f7318
2025-05-14 14:12:22,409 - redis_microservices.config - INFO - Succesfull create and connect with redis
2025-05-14 14:12:22,411 - redis_microservices.config - INFO - Product 7fc734a3-ea2a-45b9-8c09-37752dd18632 not found in Redis, trying database
2025-05-14 14:12:22,426 - redis_microservices.config - INFO - Added product: product:7fc734a3-ea2a-45b9-8c09-37752dd18632 with 14 fields
2025-05-14 14:12:22,427 - redis_microservices.config - INFO - Redis added product: 7fc734a3-ea2a-45b9-8c09-37752dd18632
2025-05-14 14:12:24,025 - redis_microservices.config - INFO - Succesfull create and connect with redis
2025-05-14 14:12:24,027 - redis_microservices.config - INFO - Product b1284315-7c7b-42e3-b3a9-d8a1c617258f not found in Redis, trying database
2025-05-14 14:12:24,042 - redis_microservices.config - INFO - Added product: product:b1284315-7c7b-42e3-b3a9-d8a1c617258f with 14 fields
2025-05-14 14:12:24,042 - redis_microservices.config - INFO - Redis added product: b1284315-7c7b-42e3-b3a9-d8a1c617258f
2025-05-14 14:12:25,266 - redis_microservices.config - INFO - Succesfull create and connect with redis
2025-05-14 14:12:25,267 - redis_microservices.config - INFO - Product ab9df825-b3f0-47af-8185-d860c9080ccc not found in Redis, trying database
2025-05-14 14:12:25,280 - redis_microservices.config - INFO - Added product: product:ab9df825-b3f0-47af-8185-d860c9080ccc with 14 fields
2025-05-14 14:12:25,280 - redis_microservices.config - INFO - Redis added product: ab9df825-b3f0-47af-8185-d860c9080ccc
2025-05-14 14:12:26,405 - redis_microservices.config - INFO - Succesfull create and connect with redis
2025-05-14 14:12:26,407 - redis_microservices.config - INFO - Product f947d0c9-2ded-40f6-8be7-7dd3ca21b108 not found in Redis, trying database
2025-05-14 14:12:26,419 - redis_microservices.config - INFO - Added product: product:f947d0c9-2ded-40f6-8be7-7dd3ca21b108 with 14 fields
2025-05-14 14:12:26,420 - redis_microservices.config - INFO - Redis added product: f947d0c9-2ded-40f6-8be7-7dd3ca21b108
2025-05-14 14:12:28,908 - redis_microservices.config - INFO - Succesfull create and connect with redis
2025-05-14 14:12:28,909 - redis_microservices.config - INFO - Redis hit for product: abbd613a-ce17-4edc-abd5-bdc2aa64f4c1
2025-05-14 14:12:30,071 - redis_microservices.config - INFO - Succesfull create and connect with redis
2025-05-14 14:12:30,073 - redis_microservices.config - INFO - Redis hit for product: 4c482b84-94c5-43ce-bc88-c028c84fde34
2025-05-14 14:12:31,310 - redis_microservices.config - INFO - Succesfull create and connect with redis
2025-05-14 14:12:31,311 - redis_microservices.config - INFO - Product 0ba23b3e-4b05-4431-af27-c701b6e05141 not found in Redis, trying database
2025-05-14 14:12:31,323 - redis_microservices.config - INFO - Added product: product:0ba23b3e-4b05-4431-af27-c701b6e05141 with 14 fields
2025-05-14 14:12:31,324 - redis_microservices.config - INFO - Redis added product: 0ba23b3e-4b05-4431-af27-c701b6e05141
2025-05-14 14:13:12,040 - redis_microservices.config - INFO - Succesfull create and connect with redis
2025-05-14 14:13:12,041 - redis_microservices.config - INFO - Product cb846baa-e7fa-4b96-b369-f4d5ae6a8042 not found in Redis, trying database
2025-05-14 14:13:12,056 - redis_microservices.config - INFO - Added product: product:cb846baa-e7fa-4b96-b369-f4d5ae6a8042 with 14 fields
2025-05-14 14:13:12,056 - redis_microservices.config - INFO - Redis added product: cb846baa-e7fa-4b96-b369-f4d5ae6a8042
2025-05-14 14:13:13,297 - redis_microservices.config - INFO - Succesfull create and connect with redis
2025-05-14 14:13:13,298 - redis_microservices.config - INFO - Product b8993811-d2c8-43a5-9f1f-122fb83ee5b8 not found in Redis, trying database
2025-05-14 14:13:13,312 - redis_microservices.config - INFO - Added product: product:b8993811-d2c8-43a5-9f1f-122fb83ee5b8 with 14 fields
2025-05-14 14:13:13,313 - redis_microservices.config - INFO - Redis added product: b8993811-d2c8-43a5-9f1f-122fb83ee5b8
2025-05-14 14:13:15,538 - redis_microservices.config - INFO - Succesfull create and connect with redis
2025-05-14 14:13:15,539 - redis_microservices.config - INFO - Product 19b10081-07e4-4ce4-9d55-9c7948687a19 not found in Redis, trying database
2025-05-14 14:13:15,552 - redis_microservices.config - INFO - Added product: product:19b10081-07e4-4ce4-9d55-9c7948687a19 with 14 fields
2025-05-14 14:13:15,553 - redis_microservices.config - INFO - Redis added product: 19b10081-07e4-4ce4-9d55-9c7948687a19
2025-05-14 14:13:16,928 - redis_microservices.config - INFO - Succesfull create and connect with redis
2025-05-14 14:13:16,929 - redis_microservices.config - INFO - Redis hit for product: 1e3d3aa6-ab4f-4533-9251-83e59e3f7318
2025-05-14 14:13:33,363 - redis_microservices.config - INFO - Succesfull create and connect with redis
2025-05-14 14:13:33,364 - redis_microservices.config - INFO - Product 621e73fe-07cd-432e-812d-09460944934d not found in Redis, trying database
2025-05-14 14:13:33,376 - redis_microservices.config - INFO - Added product: product:621e73fe-07cd-432e-812d-09460944934d with 14 fields
2025-05-14 14:13:33,376 - redis_microservices.config - INFO - Redis added product: 621e73fe-07cd-432e-812d-09460944934d
2025-05-14 14:13:34,538 - redis_microservices.config - INFO - Succesfull create and connect with redis
2025-05-14 14:13:34,540 - redis_microservices.config - INFO - Product a13119c8-e34b-40e3-9aba-2da416c88c09 not found in Redis, trying database
2025-05-14 14:13:34,551 - redis_microservices.config - INFO - Added product: product:a13119c8-e34b-40e3-9aba-2da416c88c09 with 14 fields
2025-05-14 14:13:34,552 - redis_microservices.config - INFO - Redis added product: a13119c8-e34b-40e3-9aba-2da416c88c09
2025-05-14 14:13:35,759 - redis_microservices.config - INFO - Succesfull create and connect with redis
2025-05-14 14:13:35,760 - redis_microservices.config - INFO - Product d65a1d49-8fc9-4d55-93d2-be2ed6478678 not found in Redis, trying database
2025-05-14 14:13:35,772 - redis_microservices.config - INFO - Added product: product:d65a1d49-8fc9-4d55-93d2-be2ed6478678 with 14 fields
2025-05-14 14:13:35,773 - redis_microservices.config - INFO - Redis added product: d65a1d49-8fc9-4d55-93d2-be2ed6478678
2025-05-14 14:13:37,010 - redis_microservices.config - INFO - Succesfull create and connect with redis
2025-05-14 14:13:37,011 - redis_microservices.config - INFO - Redis hit for product: b8993811-d2c8-43a5-9f1f-122fb83ee5b8
2025-05-14 14:13:39,037 - redis_microservices.config - INFO - Succesfull create and connect with redis
2025-05-14 14:13:39,038 - redis_microservices.config - INFO - Product 595635ac-dbc0-4738-9fe0-13f32d26dc1c not found in Redis, trying database
2025-05-14 14:13:39,050 - redis_microservices.config - INFO - Added product: product:595635ac-dbc0-4738-9fe0-13f32d26dc1c with 14 fields
2025-05-14 14:13:39,051 - redis_microservices.config - INFO - Redis added product: 595635ac-dbc0-4738-9fe0-13f32d26dc1c
2025-05-14 14:13:40,155 - redis_microservices.config - INFO - Succesfull create and connect with redis
2025-05-14 14:13:40,156 - redis_microservices.config - INFO - Product ee30438b-a60a-47ae-a7fa-a66c86dc9e08 not found in Redis, trying database
2025-05-14 14:13:40,170 - redis_microservices.config - INFO - Added product: product:ee30438b-a60a-47ae-a7fa-a66c86dc9e08 with 14 fields
2025-05-14 14:13:40,171 - redis_microservices.config - INFO - Redis added product: ee30438b-a60a-47ae-a7fa-a66c86dc9e08
2025-05-14 14:13:41,245 - redis_microservices.config - INFO - Succesfull create and connect with redis
2025-05-14 14:13:41,246 - redis_microservices.config - INFO - Product 1afacba4-5235-4ce9-8f0d-9ee30e6d9bd1 not found in Redis, trying database
2025-05-14 14:13:41,259 - redis_microservices.config - INFO - Added product: product:1afacba4-5235-4ce9-8f0d-9ee30e6d9bd1 with 14 fields
2025-05-14 14:13:41,260 - redis_microservices.config - INFO - Redis added product: 1afacba4-5235-4ce9-8f0d-9ee30e6d9bd1
2025-05-14 14:13:42,418 - redis_microservices.config - INFO - Succesfull create and connect with redis
2025-05-14 14:13:42,419 - redis_microservices.config - INFO - Product 1e142315-d5e8-4470-999d-410709f8067e not found in Redis, trying database
2025-05-14 14:13:42,433 - redis_microservices.config - INFO - Added product: product:1e142315-d5e8-4470-999d-410709f8067e with 14 fields
2025-05-14 14:13:42,433 - redis_microservices.config - INFO - Redis added product: 1e142315-d5e8-4470-999d-410709f8067e
2025-05-14 14:13:44,297 - redis_microservices.config - INFO - Succesfull create and connect with redis
2025-05-14 14:13:44,299 - redis_microservices.config - INFO - Product f1c6493a-f007-4c89-995e-11d43f63eb59 not found in Redis, trying database
2025-05-14 14:13:44,311 - redis_microservices.config - INFO - Added product: product:f1c6493a-f007-4c89-995e-11d43f63eb59 with 14 fields
2025-05-14 14:13:44,311 - redis_microservices.config - INFO - Redis added product: f1c6493a-f007-4c89-995e-11d43f63eb59
2025-05-14 14:13:45,345 - redis_microservices.config - INFO - Succesfull create and connect with redis
2025-05-14 14:13:45,346 - redis_microservices.config - INFO - Product a9c2ef21-4676-4db9-85d0-c7341d6f2ca3 not found in Redis, trying database
2025-05-14 14:13:45,359 - redis_microservices.config - INFO - Added product: product:a9c2ef21-4676-4db9-85d0-c7341d6f2ca3 with 14 fields
2025-05-14 14:13:45,360 - redis_microservices.config - INFO - Redis added product: a9c2ef21-4676-4db9-85d0-c7341d6f2ca3
2025-05-14 14:13:46,440 - redis_microservices.config - INFO - Succesfull create and connect with redis
2025-05-14 14:13:46,441 - redis_microservices.config - INFO - Redis hit for product: 92c728e3-916e-4dbc-a5e4-fdc9467b844a
2025-05-14 14:13:47,502 - redis_microservices.config - INFO - Succesfull create and connect with redis
2025-05-14 14:13:47,503 - redis_microservices.config - INFO - Product 280ca238-614b-4698-8e0b-bc917d58efca not found in Redis, trying database
2025-05-14 14:13:47,515 - redis_microservices.config - INFO - Added product: product:280ca238-614b-4698-8e0b-bc917d58efca with 14 fields
2025-05-14 14:13:47,516 - redis_microservices.config - INFO - Redis added product: 280ca238-614b-4698-8e0b-bc917d58efca
2025-05-14 14:13:49,416 - redis_microservices.config - INFO - Succesfull create and connect with redis
2025-05-14 14:13:49,417 - redis_microservices.config - INFO - Product 40e3b442-2e85-440e-b772-54f1e5a8ada3 not found in Redis, trying database
2025-05-14 14:13:49,428 - redis_microservices.config - INFO - Added product: product:40e3b442-2e85-440e-b772-54f1e5a8ada3 with 14 fields
2025-05-14 14:13:49,429 - redis_microservices.config - INFO - Redis added product: 40e3b442-2e85-440e-b772-54f1e5a8ada3
2025-05-14 14:13:50,362 - redis_microservices.config - INFO - Succesfull create and connect with redis
2025-05-14 14:13:50,363 - redis_microservices.config - INFO - Product 561430f7-d502-492f-9017-984be0dde583 not found in Redis, trying database
2025-05-14 14:13:50,377 - redis_microservices.config - INFO - Added product: product:561430f7-d502-492f-9017-984be0dde583 with 14 fields
2025-05-14 14:13:50,378 - redis_microservices.config - INFO - Redis added product: 561430f7-d502-492f-9017-984be0dde583
2025-05-14 14:13:51,478 - redis_microservices.config - INFO - Succesfull create and connect with redis
2025-05-14 14:13:51,479 - redis_microservices.config - INFO - Product 61590c36-53c4-4fbf-8f18-8b2b356bac70 not found in Redis, trying database
2025-05-14 14:13:51,492 - redis_microservices.config - INFO - Added product: product:61590c36-53c4-4fbf-8f18-8b2b356bac70 with 14 fields
2025-05-14 14:13:51,492 - redis_microservices.config - INFO - Redis added product: 61590c36-53c4-4fbf-8f18-8b2b356bac70
2025-05-14 14:13:52,299 - redis_microservices.config - INFO - Succesfull create and connect with redis
2025-05-14 14:13:52,300 - redis_microservices.config - INFO - Product b504bb16-a710-48d0-849a-8d187df19777 not found in Redis, trying database
2025-05-14 14:13:52,312 - redis_microservices.config - INFO - Added product: product:b504bb16-a710-48d0-849a-8d187df19777 with 14 fields
2025-05-14 14:13:52,313 - redis_microservices.config - INFO - Redis added product: b504bb16-a710-48d0-849a-8d187df19777
2025-05-14 14:13:54,085 - redis_microservices.config - INFO - Succesfull create and connect with redis
2025-05-14 14:13:54,086 - redis_microservices.config - INFO - Redis hit for product: 8195f8f3-9afa-4841-a660-6b00da55d25a
2025-05-14 14:14:22,197 - redis_microservices.config - INFO - Succesfull create and connect with redis
2025-05-14 14:14:22,202 - redis_microservices.config - INFO - Succesfull create and connect with redis
2025-05-14 14:14:22,205 - redis_microservices.config - INFO - Added product: product:646fa91b-b33f-4864-a3c3-1ea1bf54c4c8 with 14 fields
2025-05-14 14:16:56,412 - redis_microservices.config - INFO - Succesfull create and connect with redis
2025-05-14 14:16:56,417 - redis_microservices.config - INFO - Succesfull create and connect with redis
2025-05-14 14:16:56,418 - redis_microservices.config - INFO - Added product: product:45bead14-c1b5-4699-9e49-f850768839b2 with 14 fields
2025-05-14 14:17:02,243 - redis_microservices.config - INFO - Succesfull create and connect with redis
2025-05-14 14:17:02,249 - redis_microservices.config - INFO - Succesfull create and connect with redis
2025-05-14 14:17:02,251 - redis_microservices.config - INFO - Added product: product:bfa560a4-bcb5-4226-87e6-b168d20e71cd with 14 fields
2025-05-14 14:17:45,900 - redis_microservices.config - INFO - Succesfull create and connect with redis
2025-05-14 14:17:45,901 - redis_microservices.config - INFO - Redis hit for product: 8195f8f3-9afa-4841-a660-6b00da55d25a
2025-05-14 14:18:53,396 - redis_microservices.config - INFO - Succesfull create and connect with redis
2025-05-14 14:18:53,397 - redis_microservices.config - INFO - Redis hit for product: bfa560a4-bcb5-4226-87e6-b168d20e71cd
2025-05-14 14:20:50,445 - redis_microservices.config - INFO - Succesfull create and connect with redis
2025-05-14 14:20:50,446 - redis_microservices.config - INFO - Redis hit for product: bfa560a4-bcb5-4226-87e6-b168d20e71cd
2025-05-14 14:20:51,967 - redis_microservices.config - INFO - Succesfull create and connect with redis
2025-05-14 14:20:51,968 - redis_microservices.config - INFO - Redis hit for product: bfa560a4-bcb5-4226-87e6-b168d20e71cd
2025-05-14 14:20:56,528 - redis_microservices.config - INFO - Succesfull create and connect with redis
2025-05-14 14:20:56,529 - redis_microservices.config - INFO - Redis hit for product: bfa560a4-bcb5-4226-87e6-b168d20e71cd
2025-05-14 14:21:14,252 - redis_microservices.config - INFO - Succesfull create and connect with redis
2025-05-14 14:21:14,253 - redis_microservices.config - INFO - Redis hit for product: bfa560a4-bcb5-4226-87e6-b168d20e71cd
2025-05-14 14:21:52,303 - redis_microservices.config - INFO - Succesfull create and connect with redis
2025-05-14 14:21:52,304 - redis_microservices.config - INFO - Redis hit for product: bfa560a4-bcb5-4226-87e6-b168d20e71cd
2025-05-14 14:21:52,694 - redis_microservices.config - INFO - Succesfull create and connect with redis
2025-05-14 14:21:52,695 - redis_microservices.config - INFO - Redis hit for product: bfa560a4-bcb5-4226-87e6-b168d20e71cd
2025-05-14 14:36:13,223 - redis_microservices.config - INFO - Succesfull create and connect with redis
2025-05-14 14:36:13,225 - redis_microservices.config - INFO - Redis hit for product: bfa560a4-bcb5-4226-87e6-b168d20e71cd
2025-05-14 14:36:25,295 - redis_microservices.config - INFO - Succesfull create and connect with redis
2025-05-14 14:36:25,296 - redis_microservices.config - INFO - Redis hit for product: 7fc734a3-ea2a-45b9-8c09-37752dd18632
2025-05-14 14:36:26,779 - redis_microservices.config - INFO - Succesfull create and connect with redis
2025-05-14 14:36:26,780 - redis_microservices.config - INFO - Redis hit for product: b1284315-7c7b-42e3-b3a9-d8a1c617258f
2025-05-14 14:36:28,019 - redis_microservices.config - INFO - Succesfull create and connect with redis
2025-05-14 14:36:28,020 - redis_microservices.config - INFO - Redis hit for product: ab9df825-b3f0-47af-8185-d860c9080ccc
2025-05-14 14:36:29,268 - redis_microservices.config - INFO - Succesfull create and connect with redis
2025-05-14 14:36:29,270 - redis_microservices.config - INFO - Redis hit for product: f947d0c9-2ded-40f6-8be7-7dd3ca21b108
2025-05-14 14:36:31,430 - redis_microservices.config - INFO - Succesfull create and connect with redis
2025-05-14 14:36:31,432 - redis_microservices.config - INFO - Redis hit for product: 1e3d3aa6-ab4f-4533-9251-83e59e3f7318
2025-05-14 14:36:33,120 - redis_microservices.config - INFO - Succesfull create and connect with redis
2025-05-14 14:36:33,122 - redis_microservices.config - INFO - Redis hit for product: 1e3d3aa6-ab4f-4533-9251-83e59e3f7318
2025-05-14 14:36:35,650 - redis_microservices.config - INFO - Succesfull create and connect with redis
2025-05-14 14:36:35,651 - redis_microservices.config - INFO - Redis hit for product: 1e3d3aa6-ab4f-4533-9251-83e59e3f7318
2025-05-14 14:36:37,500 - redis_microservices.config - INFO - Succesfull create and connect with redis
2025-05-14 14:36:37,502 - redis_microservices.config - INFO - Product abbd613a-ce17-4edc-abd5-bdc2aa64f4c1 not found in Redis, trying database
2025-05-14 14:36:37,515 - redis_microservices.config - INFO - Added product: product:abbd613a-ce17-4edc-abd5-bdc2aa64f4c1 with 14 fields
2025-05-14 14:36:37,516 - redis_microservices.config - INFO - Redis added product: abbd613a-ce17-4edc-abd5-bdc2aa64f4c1
2025-05-14 14:36:39,145 - redis_microservices.config - INFO - Succesfull create and connect with redis
2025-05-14 14:36:39,146 - redis_microservices.config - INFO - Product 4c482b84-94c5-43ce-bc88-c028c84fde34 not found in Redis, trying database
2025-05-14 14:36:39,159 - redis_microservices.config - INFO - Added product: product:4c482b84-94c5-43ce-bc88-c028c84fde34 with 14 fields
2025-05-14 14:36:39,159 - redis_microservices.config - INFO - Redis added product: 4c482b84-94c5-43ce-bc88-c028c84fde34
2025-05-14 14:36:40,871 - redis_microservices.config - INFO - Succesfull create and connect with redis
2025-05-14 14:36:40,872 - redis_microservices.config - INFO - Redis hit for product: 0ba23b3e-4b05-4431-af27-c701b6e05141
2025-05-14 14:36:46,077 - redis_microservices.config - INFO - Succesfull create and connect with redis
2025-05-14 14:36:46,079 - redis_microservices.config - INFO - Redis hit for product: cb846baa-e7fa-4b96-b369-f4d5ae6a8042
2025-05-14 14:36:48,065 - redis_microservices.config - INFO - Succesfull create and connect with redis
2025-05-14 14:36:48,066 - redis_microservices.config - INFO - Redis hit for product: b8993811-d2c8-43a5-9f1f-122fb83ee5b8
2025-05-14 14:36:49,498 - redis_microservices.config - INFO - Succesfull create and connect with redis
2025-05-14 14:36:49,499 - redis_microservices.config - INFO - Redis hit for product: 19b10081-07e4-4ce4-9d55-9c7948687a19
2025-05-14 14:36:50,860 - redis_microservices.config - INFO - Succesfull create and connect with redis
2025-05-14 14:36:50,863 - redis_microservices.config - INFO - Redis hit for product: 1e3d3aa6-ab4f-4533-9251-83e59e3f7318
2025-05-14 14:36:54,494 - redis_microservices.config - INFO - Succesfull create and connect with redis
2025-05-14 14:36:54,496 - redis_microservices.config - INFO - Redis hit for product: cb846baa-e7fa-4b96-b369-f4d5ae6a8042
2025-05-14 14:36:55,998 - redis_microservices.config - INFO - Succesfull create and connect with redis
2025-05-14 14:36:55,999 - redis_microservices.config - INFO - Redis hit for product: a13119c8-e34b-40e3-9aba-2da416c88c09
2025-05-14 14:36:57,504 - redis_microservices.config - INFO - Succesfull create and connect with redis
2025-05-14 14:36:57,505 - redis_microservices.config - INFO - Redis hit for product: d65a1d49-8fc9-4d55-93d2-be2ed6478678
2025-05-14 14:36:58,713 - redis_microservices.config - INFO - Succesfull create and connect with redis
2025-05-14 14:36:58,714 - redis_microservices.config - INFO - Redis hit for product: b8993811-d2c8-43a5-9f1f-122fb83ee5b8
2025-05-14 14:37:01,035 - redis_microservices.config - INFO - Succesfull create and connect with redis
2025-05-14 14:37:01,036 - redis_microservices.config - INFO - Redis hit for product: 646fa91b-b33f-4864-a3c3-1ea1bf54c4c8
2025-05-14 14:37:02,568 - redis_microservices.config - INFO - Succesfull create and connect with redis
2025-05-14 14:37:02,570 - redis_microservices.config - INFO - Redis hit for product: ee30438b-a60a-47ae-a7fa-a66c86dc9e08
2025-05-14 14:37:04,110 - redis_microservices.config - INFO - Succesfull create and connect with redis
2025-05-14 14:37:04,112 - redis_microservices.config - INFO - Redis hit for product: 1afacba4-5235-4ce9-8f0d-9ee30e6d9bd1
2025-05-14 14:37:05,993 - redis_microservices.config - INFO - Succesfull create and connect with redis
2025-05-14 14:37:05,995 - redis_microservices.config - INFO - Redis hit for product: 1e142315-d5e8-4470-999d-410709f8067e
2025-05-14 14:37:08,724 - redis_microservices.config - INFO - Succesfull create and connect with redis
2025-05-14 14:37:08,726 - redis_microservices.config - INFO - Redis hit for product: b504bb16-a710-48d0-849a-8d187df19777
2025-05-14 14:37:10,076 - redis_microservices.config - INFO - Succesfull create and connect with redis
2025-05-14 14:37:10,078 - redis_microservices.config - INFO - Redis hit for product: 595635ac-dbc0-4738-9fe0-13f32d26dc1c
2025-05-14 14:37:11,394 - redis_microservices.config - INFO - Succesfull create and connect with redis
2025-05-14 14:37:11,395 - redis_microservices.config - INFO - Redis hit for product: 621e73fe-07cd-432e-812d-09460944934d
2025-05-14 14:37:12,893 - redis_microservices.config - INFO - Succesfull create and connect with redis
2025-05-14 14:37:12,894 - redis_microservices.config - INFO - Redis hit for product: 45bead14-c1b5-4699-9e49-f850768839b2
2025-05-14 14:37:16,098 - redis_microservices.config - INFO - Succesfull create and connect with redis
2025-05-14 14:37:16,099 - redis_microservices.config - INFO - Redis hit for product: f1c6493a-f007-4c89-995e-11d43f63eb59
2025-05-14 14:37:17,566 - redis_microservices.config - INFO - Succesfull create and connect with redis
2025-05-14 14:37:17,567 - redis_microservices.config - INFO - Redis hit for product: a9c2ef21-4676-4db9-85d0-c7341d6f2ca3
2025-05-14 14:37:18,923 - redis_microservices.config - INFO - Succesfull create and connect with redis
2025-05-14 14:37:18,925 - redis_microservices.config - INFO - Product 92c728e3-916e-4dbc-a5e4-fdc9467b844a not found in Redis, trying database
2025-05-14 14:37:18,938 - redis_microservices.config - INFO - Added product: product:92c728e3-916e-4dbc-a5e4-fdc9467b844a with 14 fields
2025-05-14 14:37:18,939 - redis_microservices.config - INFO - Redis added product: 92c728e3-916e-4dbc-a5e4-fdc9467b844a
2025-05-14 14:37:20,207 - redis_microservices.config - INFO - Succesfull create and connect with redis
2025-05-14 14:37:20,209 - redis_microservices.config - INFO - Redis hit for product: 280ca238-614b-4698-8e0b-bc917d58efca
2025-05-14 14:37:22,775 - redis_microservices.config - INFO - Succesfull create and connect with redis
2025-05-14 14:37:22,776 - redis_microservices.config - INFO - Redis hit for product: 8195f8f3-9afa-4841-a660-6b00da55d25a
2025-05-14 14:37:24,477 - redis_microservices.config - INFO - Succesfull create and connect with redis
2025-05-14 14:37:24,479 - redis_microservices.config - INFO - Redis hit for product: 61590c36-53c4-4fbf-8f18-8b2b356bac70
2025-05-14 14:37:25,827 - redis_microservices.config - INFO - Succesfull create and connect with redis
2025-05-14 14:37:25,828 - redis_microservices.config - INFO - Redis hit for product: 40e3b442-2e85-440e-b772-54f1e5a8ada3
2025-05-14 14:37:27,152 - redis_microservices.config - INFO - Succesfull create and connect with redis
2025-05-14 14:37:27,153 - redis_microservices.config - INFO - Redis hit for product: 561430f7-d502-492f-9017-984be0dde583
2025-05-14 14:52:07,294 - redis_microservices.config - INFO - Succesfull create and connect with redis
2025-05-14 14:52:07,300 - redis_microservices.config - INFO - Succesfull create and connect with redis
2025-05-14 14:52:07,303 - redis_microservices.config - INFO - Added product: product:6660a277-472a-44f7-a116-3d36e40ebe3a with 14 fields
2025-05-14 14:52:33,401 - redis_microservices.config - INFO - Succesfull create and connect with redis
2025-05-14 14:52:33,402 - redis_microservices.config - INFO - Redis hit for product: 6660a277-472a-44f7-a116-3d36e40ebe3a
